url,id,date,coroner,area,receiver,investigation,circumstances,concerns,theme_sent_to_nhs_bodies,theme_sent_to_government_departments,theme_sent_to_prisons,theme_sent_to_health_regulators,theme_sent_to_local_government,theme_access_to_care,theme_ambulance_response,theme_care_home_safety,theme_discharge_planning,theme_environmental_safety,theme_equipment_safety,theme_falls_prevention,theme_family_involvement,theme_hospital_care,theme_infection_control,theme_interagency_communication,theme_medication_safety,theme_mental_health_care,theme_observation_failures,theme_online_hazards,theme_physical_health_in_mental_health,theme_record_keeping,theme_road_safety,theme_safeguarding,theme_staff_shortages,theme_staff_training,theme_substance_misuse,theme_suicide_risk,theme_vulnerable_groups,theme_emergency_departments,theme_ambulance_services,theme_primary_care,theme_out_of_hours_care,theme_acute_hospital_wards,theme_intensive_care,theme_surgical_care,theme_maternity_neonatal_perinatal_care,theme_mental_health_services,theme_substance_use_services,theme_care_homes,theme_domiciliary_care,theme_hospices_palliative_care,theme_prisons_criminal_justice_supervision,theme_police_custody,theme_immigration_detention,theme_secure_health_settings,theme_housing_homelessness,theme_universities,theme_workplaces,theme_roads_highways,theme_rail_settings,theme_domestic_settings,theme_suicide_self_harm,theme_drug_related_deaths,theme_alcohol_related_deaths,theme_polypharmacy,theme_diagnostic_delay,theme_sepsis_infection,theme_cancer_care,theme_cardiovascular_conditions,theme_respiratory_conditions,theme_neurological_conditions,theme_diabetes_metabolic_conditions,theme_falls_frailty,theme_choking_aspiration,theme_learning_disability,theme_autism,theme_cognitive_impairment,theme_substance_dependence,theme_domestic_abuse,theme_self_neglect,theme_violence_homicide_related_systems_failures,theme_environmental_hazards,theme_nutrition,theme_epilepsy_seizure_management,theme_allergy_anaphylaxis,theme_ligature_anchor_point_risks,theme_risk_assessment_failures,theme_failure_recognise_escalate_deterioration,theme_communication_failures,theme_handover_failures,theme_record_sharing_failures,theme_referral_failures,theme_follow_up_failures,theme_transitions_discharge_failures,theme_observation_monitoring_failures,theme_test_result_management_failures,theme_consent_decision_making_failures,theme_capacity_best_interests_failures,theme_staffing_shortages_workload_pressure,theme_training_competence_gaps,theme_policy_procedure_failures,theme_equipment_failures,theme_it_digital_system_failures,theme_alarm_alert_failures,theme_environmental_design_failures,theme_transport_access_barriers,theme_repeated_missed_opportunities,theme_missed_appointments_non_attendance,theme_restraint_restrictive_intervention,theme_delayed_admission,theme_bed_shortages,theme_language_interpreter_barriers,theme_remote_digital_care,theme_safeguarding_failures,theme_inter_agency_working,theme_continuity_of_care,theme_family_carer_concerns_not_acted_on,theme_reasonable_adjustments_not_made,theme_investigation_incident_review_failures,theme_failure_learn_previous_deaths_incidents,theme_thresholds_eligibility_barriers,theme_waiting_times_delays,theme_children_young_people,theme_older_people,theme_people_detention_state_control,theme_people_experiencing_multiple_disadvantage,theme_people_living_alone_socially_isolated,theme_welsh
https://www.judiciary.uk/prevention-of-future-death-reports/ellie-herron-prevention-of-future-deaths-report/,2026-0226,2026-04-24,P. Marks,East Riding and Hull,Humberside Police,"On 19 December 2025, I commenced an investigation into the death of Ellie Mae Herron, age 27 years. The investigation concluded at the end of the inquest on 1 April 2026. The conclusion of the inquest was: SUICIDE","Ellie Mae Herron had a significant history of mental health issues both in adolescence and adult life and was dependent on alcohol which she habitually abused. She developed alcohol related chronic pancreatitis. Her lifestyle was extremely chaotic and although she had her own premises to live in and the offer of a room at her mother’s house, she chose to live in a tent in Pearson Park. She was vulnerable and probably the subject of mental, physical and sexual abuse from associates who live rough and used Pearson Park for drinking alcohol and taking drugs. She was found suspended from a steel gate outside a Sainsbury’s store on [REDACTED] in Hull at approximately 21:00 hours on 8 December 2025. She was freed and lowered to the ground by the store’s security man and resuscitation commenced. This was continued as Advanced Life Support (ALS) by paramedics who arrived on scene at 21:07 hours. Despite continuing ALS on scene, during transit and after arrival at Hull Royal Infirmary, she failed to rally and was declared deceased at 22:02 hours. There were no suspicious circumstances or third-party involvement surrounding her death.","Pearson Park is frequented by individuals who sell and abuse drugs, drink alcohol and in addition, many individuals sleep rough in the park. It is well known that criminal activities of various sorts occurs in this park, and vulnerable individuals are at high risk as a consequence.",False,False,False,False,False,,,,,,,,,,,,False,,,,,,,,,,,,,False,True,False,False,False,False,False,False,True,True,False,False,False,False,False,False,False,True,False,False,False,False,False,True,False,True,False,False,False,False,False,False,False,False,False,False,False,False,False,True,True,True,False,True,,False,False,True,False,False,False,False,False,False,False,False,False,False,False,False,False,False,False,False,False,False,False,False,False,False,False,False,False,False,False,True,False,False,False,False,False,False,False,False,False,False,False,True,True,False
https://www.judiciary.uk/prevention-of-future-death-reports/lisa-taylor-penny-prevention-of-future-deaths-report/,2026-0220,2026-04-15,E. Wheeler,Cheshire,Cheshire Police,"On 15 July 2025 I commenced an investigation into the death of Lisa Marie Elizabeth Beatrice Taylor-Penny aged 63. The investigation concluded at the end of the inquest on 26 March 2026. The conclusion of the inquest was that:

Narrative conclusion - Had probably formed the intention to end her own life, but whether she probably undertook a fatal act cannot be ascertained as the likely mechanism of death is unascertained.","Ms Taylor-Penny was found deceased at her home address on 11 July 2025. She had last been seen alive the day before.

Concerns had been raised earlier on 11 July from 13:30 and carers and social workers from the local authority had attended outside her house for hours throughout which they were repeatedly and persistently calling other emergency services to try and obtain access and help.

After nearly seven hours of carers and social workers trying to obtain assistance to enter the premises, at around 20:00 a police officer took an appropriate operational decision to enter Ms Taylor-Penny's house and she was found deceased, with rigor mortis present.

Ms Taylor-Penny had a long standing history of mental health problems. Her daughter had died by suicide in September 2024 and this was associated with a further deterioration in Ms Taylor-Penny's mood. In 2025 she had spoken about feeling suicidal but had denied plans or intent to professionals. When she was found, there were a large number of empty blister packs next to her from a variety of medications. An undated note consistent with intent to take her life was left prominently on the kitchen side and she had very recently updated her will. However, post mortem toxicology has not indicated any fatal level of drugs or other substances. No probable mechanism of death has been established.","""Right care right person"" (RCRP) is being implemented in a very rigid manner suggesting that call handlers may be using it as ""tramlines not guidelines"".

I am concerned that it does not leave sufficient scope for call handlers to escalate calls for a senior member of staff to consider exercising professional judgement. In particular, where other professionals who are familiar with RCRP are nevertheless indicating a professional view that they need police attendance to secure entry and are expressing a concern for life and limb.",False,False,False,False,False,,,,,,,,,,,,True,,,,,,,,,,,,,False,False,False,False,False,False,False,False,True,False,False,True,False,False,False,False,False,False,False,False,False,False,True,True,False,False,True,False,False,False,False,False,False,False,False,False,False,False,False,False,False,False,False,False,,False,False,False,False,True,True,False,False,False,False,False,False,False,False,False,False,False,True,False,False,False,False,False,True,False,False,False,False,False,False,False,True,False,False,False,False,False,False,True,False,False,False,False,True,False
https://www.judiciary.uk/prevention-of-future-death-reports/james-stewart-prevention-of-future-deaths-report/,2026-0221,2026-04-14,R. Cohen,Cumbria,North Cumbria Integrated Care NHS Foundation Trust,"On 3 January 2025 an investigation was commenced into the death of James Patrick. The conclusion of the inquest was:

Suicide.

Mr Stewart's death was contributed to by neglect, being the decision to prematurely discharge him and the failure to intervene when concerns were raised as to his safety prior to his discharge.

I found that the medical cause of death was:

1a Multiorgan failure

1b Cardiac arrest

1c Hanging

II","My conclusions as to the circumstances of Mr Stewart's death were as follows:

James Stewart was 52 years old. He had a past medical history of mental illness and drug and alcohol abuse. On 21 December 2024 he came to the notice of Cumbria Police and made threats to harm himself. He was detained under the Mental Health Act. It was identified that Mr Stewart was also in alcohol withdrawal and he was admitted to the Cumberland Infirmary. His initial period of detention under the Mental Health Act expired. Thereafter, Mr Stewart continued to express a settled intention to harm himself. He was detained under section 5 of the Mental Health Act but it was then determined that detention was not required and that he would remain in hospital voluntarily for alcohol detoxification. A decision was made to discharge Mr Stewart on 26 December 2025. This was premature: Mr Stewart was still suffering from the symptoms of alcohol withdrawal, had not been reassessed by the Psychiatric Liaison Team, and required ongoing treatment. Mr Stewart had understood that transport would be provided to return him to his home in Wales, but the hospital did not consider that this was necessary or appropriate. Mr Stewart went to leave the hospital. As he did so he made a gesture indicating an intention to hang himself. Despite a Health Care Assistant raising concerns, the discharge continued. Mr Stewart went to a nearby hotel where he placed a ligature around his neck and rendered himself unconscious. He was found and returned to the hospital, but had sustained catastrophic injuries which were incompatible with life. Mr Stewart's death was confirmed at 2:10 on 27 December 2024.","(1) I heard evidence from a Flow Coordinator who was responsible for taking the practical steps to arrange a patient's discharge after the treating clinicians had determined that the patient was medically fit. I understand that the Flow Coordinator is to make the necessary logistical arrangements for discharge, not to decide whether discharge is appropriate. However, the evidence was that the Flow Coordinator would not necessarily be briefed on any particular vulnerabilities that a patient had. For instance, in this instance Mr Stewart had made repeated threats to harm himself, including on the railway, which the Flow Coordinator did not know of. She considered making arrangements for him to travel home by train, which might have been especially risky. Whilst these matters did not eventuate in this inquest, I consider that not giving Flow Coordinators information about patient vulnerability risks them making unsuitable arrangements.",True,False,False,False,False,,,,,,,,,,,,False,,,,,,,,,,,,,False,False,False,False,True,False,False,False,True,True,False,False,False,False,True,False,False,False,False,False,False,False,False,True,False,True,False,False,False,False,False,False,False,False,False,False,False,False,False,True,False,False,False,False,,False,False,True,True,True,True,False,False,False,True,True,False,False,False,True,False,False,True,False,False,False,False,True,True,False,False,False,False,False,False,False,True,True,False,False,False,False,False,False,False,False,True,True,False,False
https://www.judiciary.uk/prevention-of-future-death-reports/garry-mills-prevention-of-future-deaths-report/,2026-0212,2026-04-10,D. Stewart,Surrey,Attorney General's Office; Crown Prosecution Service,"On 17 September 2021 I commenced an investigation into the death of Garry MILLS aged 46.

The investigation concluded at the end of the inquest on 2 February 2026.

The conclusion of the inquest was:

Narrative Conclusion - Gary MILLS was a much loved and desperately missed member of his family. His family recalls him as a loving, caring, proud husband and father who placed his family’s interests above his own.

On the 8 September 2020 Mr. MILLS was arrested in relation to a police investigation concerning activity which Mr. MILLS was alleged to have coordinated online, including on the dark web. He was interviewed by police and released on police bail on the 9 September 2020.

On the 28 September 2020 a financial restraint order was placed on Mr. MILLS and which imposed a £250 pound limit on weekly living expenses for Mr. MILLS and his family.

Mr. MILLS subsequently suffered from considerable anxiety and stress and he experienced feelings of failure and hopelessness which he expressed to his family and therapist.

In July 2021 Mr. MILLS was advised that the police investigation was unlikely to be completed before mid-2022 and his family noted that this adversely impacted on his mood, stress levels and anxiety.

On the 6 September 2021, Mr. MILLS seemed his usual self and was last seen around 11.30 hours by a family member. He was observed on security cameras departing his residence at 11.56 hours.

Concerns were raised by his wife when he failed to collect their son from school that afternoon which was out of character for him.

Subsequent police enquiries led to Mr. MILLS being found at a business premises in [REDACTED] at around 17.50 hours later that day, 6 September 2021. Mr. MILLS had placed a dressing gown cord around his neck and suspended himself from a rafter at the premises with the intention of taking his own life. His death was verified at the scene. A subsequent police investigation revealed no evidence of third-party involvement or suspicious circumstances in relation to the death.

A post mortem examination determined that Mr. MILLS’ death was due to suspension.

The restraint order, which had the effect of significantly impacting on Mr. MILLS and his family’s standard of living, along with the time he had been subject to police investigation weighed heavily on Mr. MILLS and is likely to have influenced the actions he undertook on the 6 September 2021.

Gary MILLS took his own life whilst suffering from the effects of stress and anxiety.

The medical cause of death was confirmed as:

1a. Suspension",,"Mr. MILLS was subject to a Restraint Order on all his assets made under the Proceeds of Crime Act (POCA) 2002. In circumstances where this occurs, the Restraint Order should contain an exception allowing the person subject to the Order to make expenditure from their assets on their reasonable living expenses and those of their dependants. The relevant provision under POCA is Section 41 (3).

'Reasonable living expenses' is not specifically defined within the legislation, those applying the provisions of Section 41 (3) rely upon guidance issued by either the National Crime Agency (NCA) (in the case of Financial Investigators) or the Crown Prosecution Service (CPS) (for prosecutors presenting proposed Restraint Orders to the Crown Court).

For Financial Investigators, NCA training material disclosed at the Inquest sets out NCA guidance in respect of confiscations and restraint. Parts of this training material have been updated with effect 3 April 2020. Guidance for CPS Prosecutors is contained within the document 'Practical Guidance for Lawyers on Drafting Restraint Orders from Precedent A or B'. This document sets out the sum of £250.00 per week as the usual minimum starting point to be put forward by prosecutors to the Crown Court (pg. 10 refers). Initial applications for Restraint Orders are prepared by Financial Investigators, submitted by CPS Prosecutors and issued by the Crown Court without the subject of the Restraint Order being aware due to concerns over potential concealment, removal or destruction of assets.

The Inquest heard that as a consequence of this guidance, the initial Restraint Order will typically be issued with the exception of £250.00 per week made for reasonable living expenses. This was the case for Mr. MILLS. Provision exists for this amount to be varied, however the Inquest heard that the process is understandably challenging and requires specialist legal representation if it is to have any chance of success. Due to the terms of the Restraint Order, assets are specifically excluded from being realised to pay for legal representation. The Inquest heard evidence that although Legal Aid funding is available for defendants in criminal proceedings, applications to vary Restraint Orders is considered a non-criminal matter and therefore the provision of Legal Aid funding is rare. No application to vary the Restraint Order applicable to Mr. MILLS was made.

The sum of £250.00 per week has not been varied since 2009, despite considerable upward movement in the cost of living during the ensuing 17 years. Evidence heard at the Inquest was that no review of this figure has occurred since 2009.

In Mr. MILLS’ case, he and his five dependants (his wife and four children) were to meet their reasonable living expenses from £250.00 per week, in part supplemented by Universal Credit payments.

I am concerned that the figure used by the CPS to set the minimum per week figure for reasonable living expenses (£250.00) and which is initially imposed in ex parte proceedings has not been reviewed since 2009. The almost universal use of this figure, unadjusted for inflation or broader cost of living increases, on the subject of the Restraint Order and their dependants, significantly impacts on their mental health and wellbeing which gives rise to a risk of death.",False,True,False,False,False,,,,,,,,,,,,False,,,,,,,,,,,,,False,False,False,False,False,False,False,False,False,False,False,False,False,True,False,False,False,False,False,False,False,False,False,True,False,False,False,False,False,False,False,False,False,False,False,False,False,False,False,False,False,False,False,False,,False,False,True,False,False,False,False,False,False,False,False,False,False,False,False,False,False,True,False,False,False,False,False,False,False,True,False,False,False,False,False,False,False,False,False,False,False,True,True,False,False,True,False,False,False
https://www.judiciary.uk/prevention-of-future-death-reports/richard-whelan-prevention-of-future-deaths-report/,2026-0208,2026-04-09,P. Merchant,Yorkshire West Western,South West Yorkshire Partnership NHS Foundation Trust,"On 19 December 2024 I commenced an investigation into the death of Richard Mark Whelan aged 54. The investigation concluded at the end of the inquest on 2 April 2026 and the conclusion of the inquest was that:

Richard Mark Whelan's death was confirmed at 14.30 hours on 15 December 2024 at his property [REDACTED]. His death arose from exsanguination from incised wounds to both wrists. This was a deliberate act undertaken with the intention of ending his life although he subsequently made an attempt to rescue himself by leaving his property before collapsing on the pathway to his property. Subsequent attempts at CPR were unsuccessful.

In the preceding weeks before his death there had been a deterioration in his mental health. An assessment by a Mental Health Practitioner did not identify the risk to warrant either an admission to hospital or further support from Mental Health Services, but with the agreement of Richard, who had capacity, a Crisis Plan was formulated which Richard chose not to use.","Richard Mark Whelan's death was confirmed at 14.30 hours on 15 December 2024 at his property 23 Greenacres, Sowerby Bridge. His death arose from exsanguination from incised wounds to both wrists. This was a deliberate act undertaken with the intention of ending his life although he subsequently made an attempt to rescue himself by leaving his property before collapsing on the pathway to his property. Subsequent attempts at CPR were unsuccessful.
In the preceding weeks before his death there had been a deterioration in his mental health. As assessment by a Mental Health Practitioner did not identify the risk to warrant either an admission to hospital or further support from Mental Health Services, but with the agreement of Richard, who had capacity, a Crisis Plan was formulated which Richard chose not to use.
In the time prior to his death, on 10 December 2024, he had disclosed that on 7 December 2024, he had taken an overdose with the intention of ending his life. On 10 December 2024, a neighbour had contacted his GP surgery expressing a concern for his welfare, resulting in the attendance at his address of two receptionists from the GP surgery and an ambulance crew. He had also been in close contact with a Neighbourhood Housing Officer. This resulted, with his consent, in a referral by the Neighbourhood Housing Officer to the Mental Health Trust Single Point of Access (SPA) Service on 11 December 2024. By the time of his death no action had been taken in respect of the referral. Evidence at the inquest suggested that a triage of any non-urgent referral may take up to 14 days and thereafter once triaged an initial plan to engage may be devised dependent upon the outcome of the triage.","Evidence at the inquest indicated that any referral to SPA classed as non-urgent may take up to 14 days to triage reflecting the SPA Standard Operating Procedure. The referrals to SPA could come from anyone, not necessarily someone with experience of mental health conditions. It was only following a triage of a referral and the outcome of the triage would a plan be devised to take forward a referral.",True,False,False,False,False,,,,,,,,,,,,False,,,,,,,,,,,,,False,True,True,False,False,False,False,False,True,False,False,False,False,False,False,False,False,True,False,False,False,False,True,True,False,False,False,False,False,False,False,False,False,False,False,False,False,False,False,False,False,False,False,False,,False,False,False,True,True,False,False,False,True,True,False,False,False,False,False,False,False,True,False,False,False,False,False,True,False,False,True,False,False,False,False,True,True,False,False,False,False,True,True,False,False,False,False,True,False
https://www.judiciary.uk/prevention-of-future-death-reports/matilda-davis-prevention-of-future-deaths-report/,2026-0198,2026-04-07,D. Sewell,Coventry,Warwickshire County Council,"I conducted an inquest into the death of Matilda Rose Davis otherwise known as Matilda Rose Southhall. The inquest concluded on 20 March 2026.

Matilda died on 3 October 2025 at her home address of [REDACTED]. The medical cause of death was confirmed as 1a) Suspension by a ligature around the neck.

I recorded a short-form conclusion of Suicide.","On 3 October 2025, Matilda was found deceased at her home in Stratford-upon-Avon. Earlier that day, Warwickshire Children’s Social Care had conducted an urgent safeguarding visit following concerns raised by her estranged husband regarding her mental health and the welfare of their two children.

During the visit, Matilda reported experiencing emotional and psychological strain arising from relationship conflict, financial pressures, and the ongoing divorce proceedings. She also described recent episodes of head-banging behaviour and confirmed aspects of her medical history, including discontinued antidepressant medication and a current prescription for diazepam. She stated that she intended to arrange a further GP appointment.

Before concluding the visit, the attending social worker and the support worker noted that Matilda’s demeanour was calm and that she expressed no suicidal ideation.

Shortly after their departure, Matilda was found hanging by a ligature attached to the shower screen door frame in the upstairs bathroom. There was no evidence of forced entry. The emergency services attended, but Matilda was pronounced deceased at 16:26 hours on 3 October 2025.","Evidence heard during the inquest confirmed that suicide prevention training is not mandatory for frontline practitioners and staff within Warwickshire Children’s Services. The social worker and support worker who visited Matilda had not received suicide prevention training, although such training was available within the organisation.

In the absence of mandatory suicide prevention training, Matilda was not asked directly about suicidal ideation during the visit, where reference was made to suicidal thoughts within the referral context. It was also noted that she was not signposted to crisis support services at that time.

The non-mandatory nature of suicide prevention training may give rise to variability in practice when practitioners are required to explore, record, or respond to indications of possible self harm or suicidal thoughts.",False,False,False,False,True,,,,,,,,,,,,True,,,,,,,,,,,,,False,False,True,False,False,False,False,False,True,False,False,False,False,False,False,False,False,False,False,False,False,False,True,True,False,False,False,False,False,False,False,False,False,False,False,False,False,False,False,False,False,False,False,False,,False,False,True,True,True,False,False,False,False,False,False,False,False,False,False,False,True,True,False,False,False,False,False,True,False,False,False,False,False,False,True,False,False,False,False,False,False,False,False,False,False,False,False,False,False
https://www.judiciary.uk/prevention-of-future-death-reports/lajos-mandrik-prevention-of-future-deaths-report/,2026-0219,2026-04-01,R. Furniss,London West,South West London and St George's Mental Health NHS Foundation Trust,On 11 October 2023 an investigation was commenced into the death of Lajos Mandrik. The investigation concluded at the end of the inquest on 1 April 2026. The conclusion of the inquest was suicide contributed by neglect and the jury made other findings.,"On 13 September 2023, the Deceased had been assigned intermittent observations - four per hour - on Ellis Ward in Tolworth Hospital (a secure acute ward in a mental health institution operated by South West London and St George's Mental Health NHS Trust - 'the Trust').

As a result of human error within an inadequate system, no member of staff was allocated to carry out intermittent observations between 1445 and 1805 hours on 13 September 2023, during which time the Deceased hanged himself. Because the member of staff allocated to intermittent observations was also expected to carry out general observations, it follows that there were no observations (save for the four patients on 1:1 observations) during that time.

Intermittent and general observations were and are generally carried out during the day by Healthcare Assistants (HCAs). The inquest heard evidence from a number of HCAs during the inquest and it was clear that observations were and are not carried out properly.

The Deceased's death occurred during a period of non-observation caused by human error and a faulty system of allocation which has now been changed. That in itself is not the current cause for concern.","The Trust's policy - in common with that of other Trusts - is that all observations should include an attempt, at least, at engagement. The written logs of observations suggest that, most of the time, no attempt is made at engagement during observations, in September 2023 or now. Intermittent observations may be recorded as, for example, 'Corridor - pacing' because the HCA has seen the patient but not attempted to engage with the patient. General observations, once per hour, appear to be no more than a headcount to make sure all patients are present on the ward (then and now).

This impression, gleaned from the documentation, appeared to be confirmed by the oral evidence of HCAs at the inquest.

It appears that the general and intermittent observations on Ellis Ward are not being carried out in accordance with the Trust's policy. If this was and remains the culture on Ellis Ward, it may also be the culture on other wards operated by the Trust (since some staff work on more than one Trust ward).",True,False,False,False,False,,,,,,,,,,,,False,,,,,,,,,,,,,False,False,False,False,False,False,False,False,True,False,False,False,False,False,False,False,True,False,False,False,False,False,False,True,False,False,False,False,False,False,False,False,False,False,False,False,False,False,False,False,False,False,False,False,,False,False,True,True,True,False,False,False,False,False,False,True,False,False,False,False,False,True,False,False,False,False,False,False,False,False,False,False,False,False,False,False,False,False,False,False,False,False,False,False,False,True,False,False,False
https://www.judiciary.uk/prevention-of-future-death-reports/rickie-poon-prevention-of-future-deaths-report/,2026-0194,2026-03-30,M. Hassell,London Inner North,HM Prison Pentonville; Practice Plus Group,"On 17 March 2025, one of my assistant coroners, Sarah Bourke, commenced an investigation into the death of Rickie Poon, aged 38 years. The investigation concluded at the end of the inquest on 26 March 2026. The jury made a determination at inquest of death by suicide, plus a narrative that I now attach.","Following his arrest and suspension from the job of a police officer, Rickie Poon made a serious attempt on his life on 19 January 2025, was detained under section of the Mental Health Act, then remanded in custody at HM Pentonville on 13 February 2025. By this time he had been dismissed from work. Exactly one month after his arrival in prison, he was found hanging in his cell.","For HMP Pentonville

The jury found that the following failures at HMP Pentonville in the ACCT (assessment care in custody and teamwork) process contributed to Mr Poon’s death:

• the ACCT process was not managed and implemented properly, e.g. supervising officers did not consistently acquaint themselves with case notes or history when completing reviews; record keeping was inadequate; agreed actions were not consistently implemented; and ACCT reviews lacked structure and consistency;
• accountability was insufficient, e.g. there was no follow up when actions were missed in the ACCT document, sign offs were completed inaccurately, hand overs were not completed between staff, and an important email was not read or followed up on;
• there were gaps in training and knowledge, e.g. ACCT training had expired and prison staff overly relied on Rickie’s presentation;
• the ACCT was closed too soon.

The jury also found that the level of ACCT observations was reduced inappropriately, but they were unclear as to whether this impacted on the outcome.

I recognise that there have been many changes at HMP Pentonville since Mr Poon’s death just over a year ago, but I consider it important to bring the jury’s findings on causative failures specifically to your attention.

For PPG

The nurse who was on duty for medical emergencies on the night that Rickie was found hanging (call sign Hotel 7), attended immediately upon a code blue alarm being raised. She found prison officers undertaking cardiopulmonary resuscitation (CPR), and so, despite the fact that she had formed the firm and correct view that Mr Poon was dead and that CPR was completely futile, she then undertook chest compressions and continued it.

I did not explore with the nurse the competence of the CPR given.

The nurse’s actions could not have had an impact on the outcome because Mr Poon was already dead when she arrived. However, conducting CPR on a person who had clearly died was not professional or appropriate, it did not afford Mr Poon dignity or privacy, it was neither acceptable nor kind.

What concerns me particularly for the future is that there might be an occasion when a CPR attempt that is less than fully competent does have the potential to impact on the outcome.

I sent PFD reports to PPG’s earlier incarnation, Care UK, and/or HMP Pentonville about the nature of attempts at resuscitation in respect of the following deceased:

• William Davies (2014)
• Adil Habib (2015)
• Samuel Blair (2016)
• Tedros Kahssay (2016)
• Amir Faizi (2018)
• Robert Ginn (2019)

I recognise that I made the last of these reports over six years ago and I have heard descriptions of many changes since then, but I consider that I would be failing in my duty if I were not to flag up this issue now. I hope that by doing so, such a situation will be less likely to arise in the future.",False,False,True,False,False,,,,,,,,,,,,False,,,,,,,,,,,,,False,False,False,False,False,False,False,False,True,False,False,False,False,True,False,False,False,False,False,False,False,False,False,True,False,False,False,False,False,False,False,False,False,False,False,False,False,False,False,False,False,False,False,False,,False,False,True,True,True,True,True,False,False,True,False,True,False,False,False,False,True,True,False,False,False,False,False,True,False,False,False,False,False,False,False,False,True,False,False,False,True,False,False,False,False,True,False,False,False
https://www.judiciary.uk/prevention-of-future-death-reports/grant-lowry-prevention-of-future-deaths-report/,,2026-03-30,C. Bailey,Teesside and Hartlepool,Cleveland Police Legal Department,"On 6 June 2022 I commenced an investigation into the death of Grant Nicholas Lowry aged 20. The investigation concluded at the end of the inquest on 26 March 2026. The jury made the following determinations:

Grant had a diagnosis of ADHD, anxiety and depression which contributed to the circumstances surrounding his death. Non-prescription drugs may have also contributed and affected his behaviour. He was known to mental health services where there were missed opportunities to provide further input into Grant's mental health. He left the family home 1.6.2022 in good spirits with his bag giving no cause for concern. Subsequently this changed when his mother received a worrying text message and alerted the police. This led to an unsatisfactory and uncoordinated search with missed opportunities and incomplete records that delayed the discovery of Grant. Grant hanged himself from a tree branch using a slip dog lead on an area of woodland at Briereton Lane and was found on 3.6.2022.

The conclusion of the inquest was:
Suicide whilst the balance of his mind was disturbed, in the context of a mental illness.","Grant left his family home in the evening of 01.06.22 saying he was going to Summerhill Park in Hartlepool. Approximately forty minutes later he sent his mum a text message which indicated suicidal intent. His mother reported this to the police. The police attended Summerhill Park and arranged for NPAS to attend. NPAS identified two heat sources, both of which were relayed to the police before leaving. NPAS directed officers to the first heat source. The officer was unable to reach the heat source. The heat source was not recorded accurately nor was the officer’s inability to reach the heat source. The second heat source was not heeded, was not recorded and was not searched. The police were unable to contact their own POLSA. At around midday on 02.06.22 the police contacted mountain rescue, arranged their own dogs to attend and requested POLSA via mutual aid. Grant was located deceased by a dog walker in the early hours of 03.06.22.","There were issues with communication and record keeping which impacted on the quality and effectiveness of the searches undertaken. Some prevented re-tasking of further and full searches of the heat sources, to include:
1. The location of the first NPAS heat source was not recorded accurately.
2. The outcome of the search into the first NPAS heat source was not recorded accurately by the officers involved or the call handler, whether in an officer’s day book, or on the STORM log, OEL or CAD. This prevented re-tasking of a search at that area.
3. The details of the second NPAS heat source were not heeded, whether by the officers at Summerhill Park, the call handler or listening supervision. This meant the heat source was not searched or recorded.
4. There was no liaison between Hartlepool and Stockton officers during the search at Summerhill Park on the evening of 01.06.22. This contributed to an unorganised and uncoordinated search.
5. There was inaccurate recording of which fields around Summerhill Park had been searched, which was relied upon by supervision and prevented later searches of those areas.
6. The family were told that no heat sources had been identified by NPAS.
7. There were delays in requesting Polsa Mutual Aid from neighbouring police forces.
8. There were delays in requesting the involvement of Mountain Rescue (with their dogs) and the police dog unit.
In addition, the officer who was guided by NPAS to the first heat source did not have a full set of operational PPE for a search at night time in a dense area. The batteries on his torch and work mobile phone were flat.",False,False,False,False,False,,,,,,,,,,,,False,,,,,,,,,,,,,False,False,False,False,False,False,False,False,True,True,False,False,False,False,True,False,False,False,False,False,False,False,True,True,True,False,False,False,False,False,False,False,False,False,False,False,False,False,False,True,False,False,False,False,,False,False,True,True,True,True,False,True,False,True,False,False,False,False,False,False,False,True,True,False,False,False,False,True,False,False,False,False,False,False,False,True,False,False,False,False,False,False,True,False,False,False,False,False,False
https://www.judiciary.uk/prevention-of-future-death-reports/melanie-pinnell-prevention-of-future-deaths-report/,2026-0185,2026-03-26,D. Sharpstone,Suffolk,Unity Healthcare,"On 3 March 2026 I opened an inquest into the death of Melanie Ruth Pinnell. She was 57.

The medical cause of death was given as:

1a) Hanging
2 Depression

The conclusion was suicide contributed to on the balance of probabilities more than minimally by non-prescription of Sertraline 50mg once a day recommended by a psychiatrist approximately two months prior to her death, and absence of mental health input following a mental health consultation approximately two months prior to her death.","Melanie had a history of depression from at least 2004

Her mental health had recently deteriorated secondary to several social stressors

She had a consultation with a GP on 10/2/25 stating that:

‘Every so often she takes an 'emotional dive' can't stop crying, becomes paranoid that people are talking about her, feels suicidal. Has a couple of times had urges to act on her suicidal ideation. Struggles with anxiety all the time, low levels sensation of a knot in her stomach all the time.’

Melanie had a consultation with a Primary Care Network (PCN) Mental Health Worker on 20/2/25:

She described ‘feeling extremely low, feelings of despair, suicidal thoughts’

This consultation was referred to the GP. No action was taken by the GP practice

The PCN worker spoke to a Consultant Psychiatrist on 26/2/25 who recommended starting Sertraline 50mg once a day. The PCN Mental Health Worker tasked the GP to relay this to the patient. This was never carried out by the GP.

There was no follow up arranged at the GP practice following these consultations until her death on 4/5/2025 when she was found hanging at home. She had left a final note.","No follow-up was offered to Melanie by the GP practice after February 2025 despite Melanie describing suicidal ideation and suicidal thoughts

The request for Sertraline 50mg once a day given by a Consultant Psychiatrist to the Primary Care Network Mental Health Care Worker was not actioned by a GP working for Unity Healthcare

Both pose a significant risk to patient safety.",False,False,False,False,False,,,,,,,,,,,,True,,,,,,,,,,,,,False,False,True,False,False,False,False,False,True,False,False,False,False,False,False,False,False,False,False,False,False,False,True,True,False,False,False,False,False,False,False,False,False,False,False,False,False,False,False,False,False,False,False,False,,False,False,False,True,True,True,False,False,False,True,False,False,False,False,False,False,False,True,False,False,False,False,False,True,False,False,False,False,False,False,False,False,True,False,False,False,False,False,False,False,False,False,False,False,False
https://www.judiciary.uk/prevention-of-future-death-reports/alex-ganski-prevention-of-future-deaths-report/,2026-0180,2026-03-26,J. Turner,"West Sussex, Brighton and Hove",Department of Health and Social Care,"His death was referred to the Coroner Service by Sussex Police and an investigation under s.1 Coroners and Justice Act 2009 was opened on 22 July 2024. The inquest was held on 19 March 2026. The inquest concluded that Alex took his own life following traumatic events earlier in his life causing depression and long-term suicidal thoughts, leading to the use of illicit drugs. He had suddenly absconded from home that evening whilst under the influence of ketamine and diazepam, having relapsed following a period of addiction support. He was receiving specialist care for his mental health but there had not been fully shared information between the services supporting him, or a clear overall lead, creating a missed opportunity to more closely address the confluence of poor mental health, drug misuse, and resulting risk of self-harm.","Alex was 19 but had undergone traumatic events in his teens which led to long term mental health struggles and suicidality. At the time he died he was under the care of the local Trust’s Mental Health Assessment and Treatment service, with a Registered Mental Health Nurse as his lead practitioner. Contact had been consistent. He had been misusing cannabis, ketamine and diazepam intermittently for some years, although had latterly ceased the latter two drugs whilst receiving support from the local Drug and Alcohol Wellbeing Network. He had been formally diagnosed with suicidal thoughts, anxiety and depression and his GP had prescribed medication although Alex had ceased taking this some weeks prior to death, with the GP’s knowledge. Although he had undergone assistance to reduce drug misuse, he had several relapses. Two weeks before he died this had resulted in the ambulance service attending to him, although he declined to be taken to hospital, contrary to paramedic advice. His drug support network was unaware of and not alerted to this incident. The week before he died he had overdosed on tablets bought on the internet. He appeared to have made a physical recovery but was granted mental health leave by his employer that week. He spent the week at home or on family day trips. His mood was low but there were no immediate concerns. However, he purchased several combined packs of ketamine and diazepam from a local dealer on the Friday and Saturday, despite family attempts to intervene. On the Saturday evening he had indicated willingness to consider a rehabilitation facility in his native Poland but he also made a further drug purchase. Suddenly at around 9.20 he burst out of the house and proceeded to a nearby bridge [REDACTED] from which he jumped sustaining fatal injuries. This was the fifth occasion in three years he had visited the same location with thoughts of self harm.","The evidence disclosed that whilst there were multiple agencies, organisations and healthcare providers who had been treating or triaging Alex’s mental and physical health conditions, including his misuse of illicit drugs:

a. There was no – and nationally there appears to be no - policy, guidance or structure which would enable a designated lead, or ‘single point of contact’ with full oversight of, and (more importantly) authority over, Alex’s care – taking particular account of his young age.

b. This represents a ‘care gap’ and missed opportunity whereby a nominated lead could ensure that each incident, attendance, relapse or overdose was alerted to those other agencies, organisations or providers who would need to know or who may benefit from knowing of the occurrence. And then – critically - directing and assuring the right treatment or long-term intervention to follow.

c. The sharing and updating of information regarding Alex’s multiple health and drug issues was fragmented, in the absence of clear, national protocols and requirements as to the informing and alerting of new incidents, treatment, or other change in mental or physical health or addiction.

d. I was encouraged to learn of the Plexus Care Record initiative in this local area (Plexus Care Record) but the evidence was that this is voluntary, and that not all providers or agencies are able or willing to connect or provide their records and share information. Moreover, I heard evidence that this is a local but not national initiative and hence information and record sharing elsewhere may be worse. As such the situation is ameliorated by local changes but appears to be a wider and national issue.

I found that these factors were exacerbated in Alex’s case as a vulnerable 19 year old who had clearly been suffering with poor mental health and drug misuse whilst, and since, a child, noting that he lacked the experience and knowledge to successfully advocate for himself, or insight into his own needs.

My further concern is that there was no simple mechanism or designation across the various patient record systems for those who may become involved with Alex, to know of the significant wider and historical health and drug misuse issues, in the absence of his own willingness or ability to fully disclose these at each turn. Especially when he may have been under the influence of substances. This meant repeated opportunities to better address Alex’s serious underlying conditions and issues were not taken.

This lack of an easily recognised national designator, shown across systems and records, such as ‘person at [serious] risk’ gives rise to an incomplete understanding of, and risks a failure to sufficiently enquire into, someone’s full condition as and when services become intermittently involved, and creates a risk of further similar deaths.

I recognise information sharing will be subject to data protection and handling, consent, privacy and confidentiality issues, but progress has been made locally within existing resource and I consider that these issues need to be better addressed in the national healthcare context, else they will continue to be barriers to preventing deaths, rather than enablers to save lives.",False,True,False,False,False,,,,,,,,,,,,True,,,,,,,,,,,,,False,True,True,False,False,False,False,False,True,True,False,False,False,False,False,False,False,False,False,True,False,False,True,True,True,False,False,False,False,False,False,False,False,False,False,False,False,False,False,True,False,False,False,False,False,False,False,False,True,True,True,False,True,False,True,False,False,False,False,False,False,False,True,False,True,False,False,False,True,False,False,False,False,False,False,False,True,True,False,False,False,False,False,False,True,False,False,True,False,False
https://www.judiciary.uk/prevention-of-future-death-reports/robert-day-prevention-of-future-deaths-report/,2026-0169,2026-03-24,I. Potter,Kent and Medway,Department of Health and Social Care; Home Office,"On 16 January 2025 an investigation into the death of Robert Joseph DAY was commenced. The investigation concluded at the end of the inquest heard by me on 5 and 6 March 2026. The conclusion of the inquest was:

Suicide

The medical cause of death was:

1a Overdose of prescription medication","Robert Day was 60 years of age at the time of his death. He was under the care of community mental health services in relation to his diagnosis of severe depression.

On the afternoon of 14 January 2025, Robert Day disclosed to his mental health nurse during a telephone conversation that he had taken a significant overdose of his prescription medication. An ambulance was called and a joint response unit (police and ambulance service) attended Robert's room at the Travelodge in Sittingbourne (his home address at that time). Robert refused all forms of treatment, including being taken to hospital, despite being advised of the likely fatal consequences of not receiving treatment. The paramedic undertook a mental capacity assessment and concluded that Robert did have the mental capacity to refuse treatment. Robert was given safety-netting advice.

Sadly, Robert was found deceased in his room on the morning of 15 January 2025. He died as a result of the overdose of prescription medication.","(1) I heard compelling evidence from the Head of Mental Health at South East Coast Ambulance Service NHS Foundation Trust regarding the difficulties faced by emergency services generally in situations such as the presentation of Robert Day on 14 January 2025. It must be accepted (with no disrespect intended) that frontline paramedics and police officers are not specialists in the provision of mental health care. Despite this, the evidence was that an increasing number of calls to the emergency services (ambulance and police, in particular) have a mental health element to them.

It was clear from the evidence that the joint response crew (one paramedic and one police officer) who attended Robert on 14 January 2025, did their very best to assist Robert in what can be described as a particularly difficult set of circumstances. A capacity assessment was undertaken and the responders reasonably believed that Robert did have capacity to make the decision to refuse treatment even in the knowledge that, without it, his death within the coming hours was highly likely.

I heard that the police could not have deployed section 136 of the Mental Health Act 1983 to take Robert to a place of safety because, at that time, the hotel room was his home. In any event, section 136 would not allow for treatment. Further, in the circumstances of Robert's case, the process of applying for a warrant under section 135 of the Mental Health Act 1983 was also likely inappropriate given the critical nature and timing of Robert's situation.

While not hearing specific and detailed evidence on other provisions of the Mental Health Act 1983, the witness was clear that these matters would likely be beyond the scope of understanding of most frontline emergency workers.

The fundamental issue was considered to be 'what can the frontline crew actually do' in such complex situations. I heard evidence that, sadly, Robert's situation is unlikely to have been novel but that there is an absence of national guidance to frontline emergency services in dealing with the complexities of cases such as Robert's.

I acknowledge the complex interplay between the various agencies and services involved, but highlight to you my concern that the absence of any national guidance / advice to frontline emergency crews risks the lives of others who are found to be at time critical risk as a result of underlying mental health concerns.",False,True,False,False,False,,,,,,,,,,,,True,,,,,,,,,,,,,False,True,False,False,False,False,False,False,True,False,False,False,False,False,False,False,False,False,False,False,False,False,True,True,False,False,False,False,False,False,False,False,False,False,False,False,False,False,False,False,False,False,False,False,False,False,False,False,False,False,False,False,False,False,False,False,False,False,True,False,False,True,True,False,False,False,False,False,False,False,False,False,False,False,True,False,True,False,False,False,False,False,False,False,False,False,False,False,False,False
https://www.judiciary.uk/prevention-of-future-death-reports/delwyn-preece-prevention-of-future-deaths-report/,2026-0165,2026-03-17,S. Slater,Yorkshire South East,Rotherham Doncaster South Humber NHS Foundation Trust,"On 1 September 2025 I commenced an investigation into the death of Delwyn Preece. The investigation concluded at the end of the inquest.

The conclusion of the inquest was: Suicide.

The cause of death was:

1a Hypoxic brain injury

1b Hanging","This case relates to the death of a 64 year old man who passed away at Rotherham Hospital on 19 August 2025, as a result of a hypoxic brain injury following deliberate self suspension by ligature in the grounds of Swallownest Court, an acute mental health hospital in Rotherham.

Mr Preece was admitted as an informal patient on 2 December 2024 due to mixed anxiety and depression with associated suicidal ideation. During his admission, there were three recorded incidents where items of clothing were used to fashion ligatures.

Over time Delwyn improved, and he was permitted periods of unescorted leave from the ward. On 10 August 2025, Delwyn left the ward in the morning, returning following prompting by staff at lunchtime, then left again and returned later that afternoon.

At approximately 18:20 hours, Delwyn left the ward again. At 19:05 hours, the ward received contact from the police after a member of the public reported finding Delwyn suspended [REDACTED]. Delwyn was transferred to the Rotherham District General Hospital where he died nine days later.","1. There were consistent and repeated incidents (13 incidents in 6 days) where leave from the ward was granted without any documented mental state examination or risk assessment being undertaken prior to the patient being permitted to leave the ward.

2. There was poor documentation throughout the medical records with entries lacking detail, being added retrospectively (up to two days later) without any explanation or referencing the retrospective nature of the entry.

3. The Patient Safety Incident Investigation authors were unfamiliar with the medical records system which led to the retrospective entries not being identified correctly, therefore the investigation did not make any finding. However, with more understanding, it is likely the retrospective entries in the medical records would have been identified and their relevance realised which would have altered the content and findings of the report.",True,False,False,False,False,,,,,,,,,,,,False,,,,,,,,,,,,,False,False,False,False,False,False,False,False,True,False,False,False,False,False,False,False,True,False,False,False,False,False,False,True,False,False,False,False,False,False,False,False,False,False,False,False,False,False,False,False,False,False,False,False,False,False,False,True,True,False,False,False,True,False,False,False,False,False,False,False,False,True,True,False,False,False,False,False,True,False,False,False,False,False,False,False,False,False,False,False,True,False,False,False,False,True,False,False,False,False
https://www.judiciary.uk/prevention-of-future-death-reports/tania-jarman-prevention-of-future-deaths-report/,2026-0143,2026-03-12,E. Wheeler,Cheshire,Department of Health and Social Care,"On 1 March 2024 I commenced an investigation into the death of Tania Louise JARMAN aged 54. The investigation concluded at the end of the inquest on. The conclusion of the inquest was a narrative:

Suicide – contributed to by the loss of protective factors","Tania Jarman died on 27 February 2024.

She died aged 54 at Park House, a non-clinical crisis placement. She died as a result of a ligature [REDACTED]. She tied this ligature with the probable intention to end her own life. In the days leading up to her death, her mental health had worsened and she had had a number of crisis contacts with mental health services. The last of these was the day before she died, which had led to her admission at the crisis placement. Her admission to the crisis placement removed her from known protective factors including the presence of her mother and the safe space which was her home. The impact of this removal was not fully appreciated at the time the referral was made and accepted.

In the week before she died (late February 2024), the evidence provided to me in court is of multi-day waits for beds and a national shortage of beds (rather than just a local shortage). The Trust recognised that this long-standing shortage of beds had the potential to start hardening clinical attitudes so the threshold for referring for a bed was higher than clinically required.","1. There is a long-standing and well-publicised concern that there are fewer mental health beds than patients who are assessed as needing these. I draw your attention to the fact that this situation is ongoing and continues to pose a risk to life.

2. In addition, the fact that this situation is longstanding now raises the risk that clinical decisions as to bed referrals may use an artificially elevated threshold for referral because decision makers are “hardened”. This potentially denies beds to patients who do in fact have a clinical need for them.",False,True,False,False,False,,,,,,,,,,,,False,,,,,,,,,,,,,False,False,False,False,False,False,False,False,True,False,False,False,False,False,False,False,False,False,False,False,False,False,True,True,False,False,False,False,False,False,False,False,False,False,False,False,False,False,False,False,False,False,False,False,False,False,False,True,True,True,False,False,False,True,False,True,False,False,False,False,False,False,False,False,False,False,False,False,False,False,False,True,True,False,False,False,False,False,False,False,False,True,True,True,False,False,False,False,False,False
https://www.judiciary.uk/prevention-of-future-death-reports/taylor-maddox-prevention-of-future-deaths-report/,2026-0136,2026-03-09,S. Covell,"County of Devon, Plymouth and Torbay",North Devon Council,"On 18 April 2024 Phillip Spinney Senior Coroner for the Coroner Area of Devon, Plymouth and Torbay commenced an investigation into the death of Taylor Malcolm Maddox formerly Darryn Malcolm Bell. I concluded the investigation at the end of the inquest on 26 February 2026. The conclusion of the inquest was that Taylor was pronounced deceased at 1436 on 9 April 2024 in his car at the car park at North Devon District Hospital Raleigh Park Barnstaple due to [REDACTED] toxicity. The Deceased had taken his own life with an overdose of painkilling medication. The medical cause of death was 1a [REDACTED] Toxicity. I returned a short form conclusion of suicide.","Taylor was born on 22 April 1981 and was 42 years of age at the time of his death. Taylor had a history of mental health illness including depression and traits of personality disorders. Taylor had previously attempted to take his own life with drug overdoses on two occasions. On 9 February 2024 Taylor was admitted as an informal patient to Moorland View Psychiatric Ward North Devon District Hospital having presented the day before to the Emergency Department of the hospital saying that he had plans to take his own life and could not keep himself safe. Whilst at Moorland View Taylor explained that the principal triggers for his feelings of hopelessness and the desire to end his life were joblessness and homelessness. Taylor was discharged from Moorland View on 21 March 2024. His mood and optimism about the future had improved. Part of the preparation for Taylor’s discharge was for him to find accommodation to which he could move on discharge. Taylor had been designated a housing officer from North Devon Council to assist him find accommodation. Taylor reported that he was struggling to find accommodation due to his being on benefits. He also reported that he was experiencing difficulties getting responses from the housing officer and as a consequence he had been unable to arrange a deposit to secure an offer of accommodation. Taylor’s discharge facilitator at the hospital reported multiple attempts to contact the housing officer went unanswered.

An application to North Devon Council for emergency accommodation on discharge was rejected on the basis that Taylor did not meet the priority need criteria for temporary accommodation.

Ultimately Taylor was unable to find permanent accommodation and was discharged to short term step-down accommodation available to him for a limited period.

On 27 March 2024 the Home Treatment Team supporting Taylor received an email from North Devon Council Housing Department confirming that Taylor needed to source his own private rented accommodation.

Taylor left the step-down accommodation on 3 April 2024. He indicated that his intention was to sleep in his car for a couple of days until his benefits arrived to enable him to finance temporary hotel accommodation while he found a job.

The last contact with Taylor was on 3 April 2024. He failed to attend a follow up meeting with the Home Treatment Team on 5 April 2024.

On 9 April 2024 Taylor was found unresponsive in his car which was parked in a corner of the car park of North Devon District Hospital.","Following Taylor’s death Devon Partnership NHS Trust conducted a patient safety incident investigation. In the sections ‘Safety Actions and Ongoing Improvement Work’ and ‘Summary of multi-disciplinary case discussion 27 January 2025’ of the subsequent report, which followed the investigation, staff team members reported difficulties with securing housing for patients upon their discharge from hospital were exacerbated by challenges communicating with North Devon Council’s Housing Options Service. Emails to the housing officer from the discharge facilitator on Taylor’s behalf had not been answered and when a response was received, it was to advise that Taylor was not eligible for emergency accommodation and would need to source his own. The team also queried the rationale of the housing team which would decline a house to a person they deemed too high a risk but would often determine that a person leaving hospital was not high enough need to qualify for emergency accommodation and the highest level of priority.

The staff team members at Devon Partnership NHS Trust considered that unstable housing likely contributed to Taylor’s distress and difficulties in his last weeks

[REDACTED] Taylor’s Responsible Clinician at Moorview Ward, recorded difficulties which the team and Taylor had experienced due to lack of timely and effective responses from North Devon Council housing team in pages 31 and 32 his report dated 16 September 2024.

The particular concerns are;

(1) Patients awaiting discharge from psychiatric hospital in North Devon are not being supported in a timely and effective way to assist them secure accommodation.

(2) The assessment process for entitlement to emergency accommodation and/or other assistance with securing accommodation in North Devon does not give adequate weight to the vulnerability of those with a psychiatric illness and the potential effect of unstable housing and homelessness on their mental health.

(3) If vulnerable persons being discharged from hospital are not being provided with adequate and timely housing support and their needs adequately assessed there is an increased risk that they will relapse and their mental state will deteriorate.",False,False,False,False,True,,,,,,,,,,,,True,,,,,,,,,,,,,True,False,False,False,False,False,False,False,True,False,False,False,False,False,False,False,False,True,False,False,False,False,False,True,False,False,False,False,False,False,False,False,False,False,False,False,False,False,False,False,False,False,False,False,False,False,False,False,True,True,True,False,False,False,True,True,False,False,False,False,False,False,True,False,False,False,False,False,True,True,False,False,False,False,False,False,True,True,False,True,False,False,True,True,False,False,False,True,True,False
https://www.judiciary.uk/prevention-of-future-death-reports/joanna-hillard-prevention-of-future-deaths-report/,2026-0128,2026-03-05,S. Marsh,Somerset,Department of Health and Social Care,"On 26 February 2021, my predecessor, Mr Tony Williams, commenced an investigation into the death of Joanna Hillard. The investigation concluded at the end of the inquest, heard by me, on 26 February 2026. The conclusion of the inquest was

Box 3: Joanna Hillard, aged 64, was discovered [REDACTED] at her home address at around 09:18hrs on 25 February 2021. She was last seen alive at 22:30hrs the evening before and so it is not known exactly when she [REDACTED]. Despite CPR she could not be revived and was pronounced deceased by the attending paramedic. Joanna’s specific motivation to act as she did is not fully clear on the evidence available, but on the balance of probabilities derived from her low mood due to a coercive and controlling domestic relationship and her social and living circumstances, and this has more than minimally contributed to her death.

Box 4: Suicide contributed to by coercive and controlling behaviour","The inquest explored whether [REDACTED] behaviour was caused by either his Parkinson's or the Pramipexole medication he was prescribed. His Parkinson's Nurse, after liaising with his Consultant, told friends and professionals that this was unlikely because [REDACTED] was on such a low dose and such behavioural changes are more commonly seen with much higher doses than [REDACTED] was on. One of the findings at the inquest was that [REDACTED] condition and/or properly prescribed medication did not cause his behaviour but on the balance of probabilities it exacerbated underlying personality traits.

From September 2019 [REDACTED] embarked on a relentless campaign to embarrass, belittle, intimidate and control Jo, and isolate her from her friends and family. The inquest heard examples of this:
(i) Her finances were controlled ([REDACTED] forced her to relinquish her carer's allowance by frightening her into thinking she was committing fraud. This meant that she had no access to independent financial means).
(ii) He made her recount in mortifying detail [REDACTED] friends, family and neighbours her [his perception of her] sexual inadequacies. Witnesses explained that Jo was a private and dignified person and she would have found this experience utterly humiliating and mortifying.
(iii) [REDACTED] had found a Filipino bride online. He [REDACTED] but insisted that they remain living together in the home so that Jo could continue to care for him once his Filipino bride and her relative had obtained a visa; with the four of them living in the house together.
(iv) He tried to bully Jo into signing her [REDACTED] home over to him, which would have left her homeless and with nothing.
(v) Jo engaged a solicitor to help her [REDACTED] property matters and once [REDACTED] found out about this, he made her end the retainer, meaning that she had no independent and factually correct advice about her position and her rights; it was only what [REDACTED] was telling her.
(vi) She had to contact her children, friends and family in secret as her conversations were monitored, or [REDACTED] could be heard in the background telling Jo what she was to say.

The coercion and control continued even when they were not physically together. In February 2020 Jo was taken by family to Scotland. Whilst there Phillip phoned her relentlessly for hours throughout the day and night until she went home. In March 2020 [REDACTED] went to the Philippines to meet his internet-bride and during his absence still controlled Jo’s movements, what she did and who she spoke to etc.

[REDACTED] remained living together. Whilst administrative processes were in place for his internet-bride to be granted a visa, there were no firm plans or date when she was expected to be in the country and/or living with them.

Evidence from family was that the situation had settled a bit by November 2020.

On 25 February 2021, Jo was discovered [REDACTED] in the workshop/garage attached to the [REDACTED] home.

[REDACTED] left the UK after Jo’s death to live in the Philippines, where it is understood he still resides, and so there has been no investigation, prosecution or conviction under Section 76 of the Serious Crime Act 2015. During her lifetime Jo did not/would not support a prosecution.

I was satisfied that Jo was not happy in her living situation but did not feel able to leave because (i) she had been brainwashed (to quote the family’s phrase) by [REDACTED] into believing all of this was her fault and so she felt guilty and that she ‘owed him’ and it was therefore her duty to stay and (ii) she wanted to protect [REDACTED] from his behaviour which he also exhibited towards them when he was unable to control Jo to the extent and degree that he wanted. He would use his Parkinson's Disease as a weapon and would continually play the consummate victim (even though he was anything but).

The Court heard from a variety of professionals who were either directly involved with Jo, or involved ‘behind the scenes’ trying to protect and safeguard her.

The IDVA (Independent Domestic Violence Advocate) told the Court that this was the worst example of coercion and control that she had seen in her 16 years of experience. Multiple professionals from domestic abuse and safeguarding units/organisations and departments were involved with Jo. All agreed that whenever she spoke it was a regurgitation of [REDACTED] narrative; what he wanted, what he needed, how he viewed things; she had lost the ability to identify and say “I” want/need/think/feel. She was stuck in a relentless cycle of self-blame; enforced on her by [REDACTED]. Her family described her as being “brainwashed”. [REDACTED] controlled her thoughts and decision making process even when he wasn’t in the room with her (and professionals, quite appropriately, insisted on seeing Jo on her own. They also had to see her on her own due to covid and the requirement for social distancing). The physical separation did not make a difference; the mental and emotional control was still there.

All professionals trying to support Jo agreed that what they wanted for her, and what she needed to be able to recover, was to leave [REDACTED] but she would not do this due to the coercion and control. All professionals were equally ‘professionally frustrated’ by their lack of power to take decisions in her best interests to keep her safe. Jo was assessed, under current legislation (the Mental Capacity Act 2005) as having capacity to make decisions to remain living with [REDACTED] even if those decisions were regarded by others as unwise.","The provisions of the Mental Capacity Act 2005 (which Jo was assessed under), pre-date the Serious Crime Act 2015, particular Section 76 which relates to the offence of controlling and coercive behaviour.

The Mental Capacity Act 2005 aims to ensure that people with social care needs who have an impairment of their brain or mind are supported to make their own decisions, wherever possible, on a background of least-restrictive options to curtail someone’s liberty and freedom of action. People should be assumed to have mental capacity unless it can be demonstrated otherwise.

The Mental Capacity Act only applies if at the material time he/she is unable to make a decision for himself/herself in relation to the matter because of an impairment of, or disturbance in the functioning of, the mind or brain (Section 2(1) MCA 2005).

I am concerned that there is a lack of understanding of the effects of controlling and coercive behaviour on a person’s ability to make a decision in their best interests. I am concerned that people who live in a level of fear (resultant from coercive and controlling behaviour) may have their decision-making abilities negatively affected and the law surrounding capacity, as currently drafted, does not recognise this.",False,True,False,False,False,,,,,,,,,,,,False,,,,,,,,,,,,,False,False,False,False,False,False,False,False,False,False,False,False,False,False,False,False,False,False,False,False,False,False,True,True,False,False,False,False,False,False,False,False,False,False,False,False,False,False,False,False,True,False,True,False,False,False,False,False,False,False,False,False,False,False,False,False,False,False,True,True,False,False,False,False,False,False,False,False,False,False,False,False,False,False,False,True,False,False,False,False,False,False,False,False,False,False,False,False,True,False
https://www.judiciary.uk/prevention-of-future-death-reports/mark-hughes-prevention-of-future-deaths-report/,2026-0123,2026-03-04,B. Myers,Manchester South,Greater Manchester Mental Health NHS Foundation Trust,"On 9 July 2025, an inquest was opened concerning the death of Mark Alan Hughes, aged 56 years at the time of death. The investigation concluded at the end of the inquest on 26 February 2026.","Mark Hughes had been diagnosed with anxiety since 2019. During May and June of 2025, his mental state deteriorated significantly. His anxiety heightened, he was unable to sleep and he expressed thoughts of self-harm and suicide. There were occasions when he went missing from home, and on 13 June 2025, he was found by the police after his wife had reported him missing. Mr Hughes had contact with general practice doctors at the medical centre to which he was registered during this period. On 20 June 2025, he attended an assessment by the nurse mental health practitioner who worked with the general practice. She considered him to be a high risk of self-harm and suicide. She concluded that an urgent referral to the South Trafford Community Mental Health Team [‘CMHT’] was the appropriate course; her intention being that the CMHT would refer Mr Hughes to the Home Based Treatment Team [‘HBTT’] who would be able to support him at home, as an alternative to hospital admission. Whilst the purpose of the referral was to obtain support by the HBTT, the referral had to be via the CMHT, because in South Trafford, a general practice is unable to refer direct to the HBTT: it has to be via the CMHT. The nurse mental health practitioner discussed this with Mr Hughes’s general practitioner, who agreed with this referral. The general practitioner also prescribed a course of zopiclone to Mr Hughes, in light of the assessment and as advised by the mental health practitioner who conducted it.

The CMHT sought to make contact with Mr Hughes on the afternoon of Friday 20 June 2025. By 17:00 hours that day there had been no contact. The CMHT do not operate during the weekend in the circumstances of a referral such as this. Therefore, the referral was deferred until 09:00 on Monday 23 June 2025, to be followed-up then.

At some time between 21:00 on 22 June 2025 and 07:48 on 23 June 2025, Mr Hughes locked and barricaded himself inside his garage at his home. Having already taken a potentially fatal quantity of codeine and morphine, he stabbed himself in the chest[REDACTED] He died as a consequence of the stab wound.","1. The purpose of the referral to South Trafford CMHT by the nurse mental health practitioner on behalf of the general practice, was for Mr Hughes to be referred to the HBTT. This was as a direct alternative to hospital admission.

2. Whilst the usual course is for the South Trafford CMHT to make contact with the service user on the day of referral, the evidence established that on an urgent referral, the South Trafford CMHT have a timeframe of up to 5 days to arrange an assessment.

3. Moreover, with regard to a referral in the circumstances of this matter, the CMHT do not operate over the weekend. This meant that from Friday 20 June 2025 at 17:00, there could be no assessment and no referral to the HBTT, until 09:00 on Monday 23 June 2025, at the earliest.

4. It was during this period of delay that Mr Hughes took his own life.

5. South Trafford CMHT is part of Greater Manchester Mental Health NHS Foundation Trust. The evidence established that in other boroughs within the area of Greater Manchester Mental Health NHS Foundation Trust, general practice medical professionals are able to refer direct to the HBTT.

6. The After Action Review Report produced by the CMHT after Mr Hughes’s death, identified the following as a ‘Concern/Gap’: ‘To explore whether PCN Nurses can refer directly to HBTT.’

7. In evidence, it was accepted on behalf of the CMHT that there are occasions when a nurse associated with a general practice, or a general practitioner, may need to refer directly to the HBTT; but that the formal procedure does not allow for this.

8. Therefore, at the time of Mr Hughes’s death, such a referral could not be made. It still cannot be made, notwithstanding the availability of this course in other boroughs and the findings of the After Action Review.

9. Had it been possible for the nurse who assessed Mr Hughes on behalf of the general practice to refer him direct to the HBTT, the delay occasioned by the system of referral to the HBTT operated by South Trafford CMHT would have been avoided.

10. It was explained in evidence on behalf of the CMHT, that had the HBTT been able to assess Mr Hughes, it was unclear whether they would have accepted the referral. However, what the HBTT would or would not have decided is unknown: nor does this obviate the concern raised.

11. The concern is that in South Trafford, a service user cannot be referred directly to the HBTT from a general practice where:

i. there is an urgent referral arising from a high risk of self-harm and/or suicide;
ii. where this referral is considered necessary by the general practice professionals; and,
iii. where such a referral could be made were it to take place in other boroughs within the area covered by Greater Manchester Mental Health NHS Foundation Trust.",True,False,False,False,False,,,,,,,,,,,,False,,,,,,,,,,,,,False,False,True,True,False,False,False,False,True,False,False,False,False,False,False,False,False,False,False,False,False,False,True,True,False,False,False,False,False,False,False,False,False,False,False,False,False,False,False,False,False,False,False,False,False,False,False,False,False,True,False,False,False,True,False,False,False,False,False,False,False,False,True,False,False,False,False,False,True,False,False,True,False,False,False,False,False,True,False,False,False,False,True,True,False,False,False,False,False,False
https://www.judiciary.uk/prevention-of-future-death-reports/mujahid-adam-prevention-of-future-deaths-report/,2026-0125,2026-03-03,E. Buckett,London Inner North,HMP Pentonville; Ministry of Justice,"On 27 March 2025 Assistant Coroner Saba Naqshbandi KC began an investigation into the death of Mujahid Adam who died aged 20, on 21 March 2025 at University College Hospital, Euston Road, London NW1 following his transfer there from HMP Pentonville.

The investigation concluded at the end of a 7-day inquest, on 24 February 2026 conducted by myself, Assistant Coroner Edwin Buckett sitting with a jury at Bow Coroner’s Court.

The jury made a determination at inquest that the deceased died as a result of suicide with a number of possible contributory causes to his death.","Mr Adam had a history of low mood and mental health issues.

He was facing a serious criminal charge and possible deportation.

He was the victim of a violent assault in a previous cell, and possibly fearful of transfer to another wing.

He made a suicide attempt by ligature on 19.2.2025.

He was placed on constant watch and under the ACCT process and he was getting regular assessments.

[REDACTED].

On 15.3.2025, no adequate observation was made on his cell between 11.42 and 12.18.

At 12.18, prison staff discovered him hanging in his cell.

The Code Blue signal was delayed, as was cutting him down.

Resuscitation was attempted and he went to University College Hospital.

He was declared dead on 21.3.2025.","Evidence was given that:

1. If a prisoner was on 15-minute observations, a record of the observation checks on that prisoner would be made by a prison officer tasked with the responsibility for carrying out those checks.

2. That individual would write down those checks alongside their name, on a form which was attached to the ACCT form in the office on the wing. It was stated that it was not practicable to note observation checks as and when they occurred, because the officer concerned was not allowed to take the ACCT form on the wing.

3. Furthermore, on rare occasions a record of such 15-minute checks might be made ‘in one go’ at the end of a shift. In other words, this could lead to more than 25 separate entries being written up in one go (assuming the same officer was expected to complete checks over 7 hours in a shift).

4. What amounted to a satisfactory observation of a prisoner is not defined by the prison. Evidence was given by a prison officer that he carried out checks at some distance away from the cell door. He stated that he did not always walk up to the door and look in, but relied upon the fact that he could see through the Perspex outer cell door as the inner metal cell door was fully open.

5. The cell in which Mr Adam had been placed was in a state of disrepair. It was possible to access hidden scraps of bedding material for making a ligature, in a gap in the wall, where the u-bend of the toilet entered the wall.

6. Although the cell was subject to a daily “accommodation and fabric check” it was probable that this disrepair, in this location in this cell was missed by prison staff carrying out AFCs.

I am concerned that:

(a) The recording of observations of 15-minute checks is not contemporaneous and is prone to inaccuracy. It relies on a prison officer walking from the cell to the wing office to record observations, every 15 minutes, which may not be realistic if a prison officer has other duties to perform;

(b) There is no clear definition of what constitutes an “observation” and how this should be done by staff at the prison when someone is on 15-minute observations;

(c) The cell occupied by Mr Adam is one of a handful of special cells in the prison which are used for vulnerable prisoners on constant watch or on 15-minute observation. It was in a state of disrepair and gave access to the hidden material from which a ligature could be made. Despite daily AFCs, that disrepair was not noted although this was a special cell.",False,True,True,False,False,,,,,,,,,,,,False,,,,,,,,,,,,,False,False,False,False,False,False,False,False,True,False,False,False,False,True,False,False,False,False,False,False,False,False,False,True,False,False,False,False,False,False,False,False,False,False,False,False,False,False,False,False,False,False,True,True,False,False,False,True,True,True,False,False,False,False,False,False,True,False,False,False,True,False,True,False,False,True,True,False,True,False,False,False,False,False,False,False,False,False,False,False,False,False,False,False,False,False,True,False,False,False
