group_id,group_label,group_description,issue_count,report_count,first_date,last_date,median_centroid_similarity,sample_issues
0,Ambulance handover and response delays,Delays in hospital handovers and emergency vehicle response times are impacting patient safety and service availability.,111,90,2014-01-21,2026-02-07,0.8898345232009888,Significant delays in handing over patients at hospital emergency departments impacted ambulance availability. | Significant delays occurred in ambulance response times to emergency calls. | Hospital handover delays are impacting ambulance response times for emergency patients.
1,Failure to monitor and escalate,"Staff failed to adequately observe, recognise, or report changes in a patient's clinical condition.",88,79,2013-09-20,2026-02-09,0.8720911741256714,Nursing staff failed to proactively manage the patient's condition. | Healthcare staff failed to perform adequate observations and assess the patient's condition. | Staff failed to adequately recognise and escalate the deterioration of a patient.
2,Ineffective multidisciplinary communication,"Failures in the exchange of information between healthcare professionals, departments, and external organisations.",76,75,2013-09-17,2025-08-12,0.8820710182189941,Communication between those responsible for care and treatment was inadequate. | Communication between nursing and medical staff was inadequate. | Communication between healthcare staff was poor and ineffective.
3,Inadequate clinical record keeping,"Medical and nursing documentation lacked accuracy, detail, and continuity.",88,85,2013-11-18,2026-02-25,0.8822404146194458,Patient care notes were poorly recorded and lacked continuity. | Clinical observations were irregular and documentation was inadequate. | Nursing record keeping was inadequate.
4,Inadequate discharge planning and follow-up,"Failures in arranging post-hospital care, communicating summaries to GPs, and providing essential discharge information.",49,42,2013-10-10,2025-11-11,0.8877866268157959,The patient was discharged from hospital without a planned follow-up. | The patient was discharged from hospital without adequate follow-up care. | The patient was not provided with a discharge summary upon leaving the hospital.
5,Inadequate clinical and emergency training,"Staff lack the necessary skills, knowledge, and training to recognise and respond to clinical emergencies and incidents.",43,38,2013-10-12,2026-02-09,0.8902958631515503,Staff lacked adequate training to recognise an emergency situation. | Staff were not adequately trained to respond to emergencies. | Staff lacked adequate training in assessing neurological deterioration or medical emergencies.
6,Inpatient Bed Shortages,Insufficient availability of hospital and psychiatric beds prevents timely admissions and patient transfers.,39,37,2015-07-14,2026-02-10,0.8835058212280273,A lack of available hospital beds prevents the timely admission of patients. | A lack of inpatient beds prevents timely admission for patients requiring acute mental health treatment. | Insufficient bed availability causes delays in admitting patients to the hospital.
7,Inadequate clinical staffing levels,Insufficient personnel to meet patient demand and maintain safety standards.,32,31,2013-01-07,2025-08-05,0.8980656862258911,Inadequate staffing levels in the Emergency Department prevented the performance of required clinical duties. | Staffing levels were insufficient to maintain safe patient ratios. | Insufficient staffing levels to meet patient demand in the Emergency Department.
8,Inadequate falls risk assessment,Failures in accurately assessing and recording the risk of patients falling.,25,25,2013-11-20,2026-02-25,0.8730546236038208,The assessment of the patient's risk of falling was inadequate. | The assessment and recording of the patient's falls risk were inadequate. | The risk assessment for the patient was inadequate.
9,High collision frequency,A significant number of road traffic accidents occurring at specific locations or junctions.,23,21,2014-02-06,2025-11-28,0.9076837301254272,There is a high frequency of collisions on this section of the road. | There is a high frequency of road traffic collisions at the junction. | There is a high frequency of collisions at this specific location.
10,Falls risk assessment failures,"Failure to conduct, review, or implement appropriate assessments and preventative measures for falls.",21,17,2014-09-12,2025-07-10,0.8927676677703857,The care home failed to undertake a falls risk assessment. | The care home failed to follow established falls risk assessments. | The care home failed to conduct a timely review of the falls risk assessment.
11,Ambulance response time delays,Failure to meet national target timeframes for Category 2 and Category 3 calls.,20,20,2016-03-23,2025-05-02,0.9052923917770386,The ambulance service failed to meet response time targets for a category 2 call. | The ambulance service failed to respond within the expected timeframe for a Category 2 call. | Ambulance response times for Category 2 cases failed to meet the mean target.
12,Social care and community placement shortages,Insufficient social care and community support capacity causes delays in hospital discharges.,18,18,2017-11-28,2026-02-10,0.9341490864753723,Inadequate provision of social care and community placements prevents timely hospital discharge. | Inadequate social care provision and community healthcare support lead to delayed patient discharges. | Lack of social care provision prevents timely hospital discharges.
13,Inadequate clinical record keeping,The maintenance of accurate and detailed care records was insufficient.,17,16,2015-10-15,2025-05-27,0.9297983646392822,The standard of record keeping at the care home was inadequate. | Care home records were inadequate and inaccurate. | The standard of record keeping at the care home was poor.
14,Inadequate first aid training,Prison staff lack essential training in first aid and resuscitation techniques.,16,15,2013-10-30,2026-02-09,0.9466543197631836,Prison officers lacked essential first aid and resuscitation training. | Prison officers lacked basic first aid and cardiopulmonary resuscitation training. | Prison Officers lacked sufficient training in the administration of first aid and CPR.
15,Inadequate inter-agency communication,Information sharing and communication between different agencies and services were insufficient.,12,11,2013-05-29,2026-02-25,0.9413305521011353,Communication between agencies regarding information sharing was inadequate. | Information sharing between agencies was insufficient. | Interagency communication and information sharing between agencies were insufficient.
16,Insufficient ambulance service resources,"A lack of vehicles, staff, and dispatchers prevents meeting service demand and performance standards.",11,11,2015-02-19,2024-10-28,0.9361057281494141,Insufficient ambulance resources were available to meet demand. | The availability of ambulance resources is insufficient to meet demand. | The ambulance service lacks sufficient resources to meet patient demand.
17,Failure to update falls assessments,Risk assessments and care plans were not revised following falls or changes in resident condition.,9,9,2017-11-20,2026-02-25,0.9386641383171082,The falls risk assessment was not updated following a fall. | The falls risk assessment was not updated following significant changes in the resident's condition. | The falls risk assessment was not updated as required.
18,Failure to conduct serious incident investigations,"The Trust failed to identify, escalate, or undertake formal investigations into significant clinical incidents and patient deaths.",9,9,2021-02-01,2025-09-29,0.9278342127799988,The Trust failed to conduct a Serious Incident Investigation into unexpected events impacting patient care. | The trust failed to undertake a serious investigation into the patient's care. | The trust failed to identify this case as an incident requiring investigation.
19,Delays in medical intervention,"Failure to provide or seek necessary medical care, communication, or administration in a timely manner.",9,9,2015-05-11,2025-09-25,0.930443286895752,Medical treatment was not commenced in a timely manner. | The patient did not receive necessary treatment as promptly as required. | Medical assistance was not sought in a timely manner.
20,Inadequate falls management training,"Staff lack sufficient training and knowledge regarding the assessment, prevention, and documentation of falls.",8,8,2014-01-17,2025-12-17,0.9253958463668823,Staff training regarding the management of falls was inadequate. | Staff training regarding fall risks was incomplete. | Training for staff regarding falls risk assessment was ineffective or not properly adopted.
21,Outdated care plans and risk assessments,Care plans and risk assessments were not regularly reviewed or updated to reflect changing resident needs.,8,8,2015-11-03,2025-09-29,0.9365707635879517,Care plans and risk assessments were not regularly updated. | Care plans were not updated to reflect changing needs. | Care plans were not kept up to date.
22,Emollient fire risk awareness,Insufficient knowledge regarding the fire hazards associated with paraffin-based emollient creams among professionals and the public.,8,7,2015-08-11,2025-08-12,0.9459057450294495,Healthcare professionals in hospital and community settings may lack awareness of the fire risks posed by low-paraffin emollient creams. | There is a lack of awareness regarding the fire risk posed by petrol-based emollient creams. | Care homes may lack awareness of the fire risks associated with low-paraffin emollient creams.
23,Unauthorised distribution of vendor contact details,Vendor contact information is being shared on platforms that promote suicide methods without their knowledge.,8,8,2025-05-23,2025-05-23,0.9973233938217163,Vendors are unaware that their contact details are being distributed by platforms designed to promote suicide methods. | Vendors are unaware that their contact details are being distributed by platforms promoting suicide methods. | Vendors are unaware that their contact details are being distributed on platforms designed to promote suicide methods.
24,Inadequate visibility at junctions and crossings,Obstructions or environmental factors prevent clear sightlines for drivers and pedestrians.,8,8,2015-02-02,2024-10-25,0.9349081516265869,Visibility at the junction is inadequate. | Visibility at the junction is limited. | Visibility at the crossing point is inadequate.
25,Inadequate suicide and self-harm assessment,"Failures in assessing, documenting, and communicating risks related to self-harm and suicidal ideation.",8,8,2014-05-09,2023-06-07,0.9160513877868652,Clinicians failed to adequately assess suicide risk despite being informed of a recent self-harm attempt. | Clinical staff failed to document suicidal ideation and self-harm risks appropriately. | Psychiatric staff failed to properly assess the risk of self-harm.
26,Inadequate risk assessment training,Staff members lack the necessary training and familiarity to conduct formal risk assessments and care planning.,7,7,2014-04-15,2026-02-19,0.9346579909324646,Staff members had not undergone training in risk assessment. | Staff lacked formal training in risk assessment. | Care home staff had not received training in conducting risk assessments.
27,Inadequate ACCT training and awareness,Prison staff lack sufficient knowledge and formal training regarding their responsibilities within the ACCT process.,7,7,2017-03-28,2026-02-19,0.9364044666290283,Prison officers lacked sufficient understanding of the ACCT process following training. | Prison officers lacked sufficient training regarding their obligations and responsibilities under the ACCT procedure. | Prison officers lacked evidence of mandatory ACCT training or awareness of their responsibilities.
28,Ambulance resource capacity deficit,Demand for ambulance services is exceeding available resources and capacity.,7,7,2018-02-27,2026-01-14,0.9636036157608032,Ambulance demand significantly exceeds available resources. | Demand for the ambulance service significantly exceeds available resources. | Demand for ambulance services was outstripping available resources.
29,Inadequate falls risk assessments,Failure to conduct or implement formal assessments to identify and manage the risk of falls.,7,7,2014-09-12,2025-05-26,0.9356526732444763,Appropriate falls risk assessments were not undertaken. | A risk assessment to identify the risk of falls was not conducted. | Falls risk assessments and care plans were not undertaken.
30,Inadequate online poison seller training,Guidance lacks specific instructions for sellers acquiring reportable poisons through online marketplaces.,7,7,2025-05-23,2025-05-23,0.9917217493057251,Published guidance fails to provide specific training for sellers of reportable poisons acquired via online marketplaces. | Published guidance fails to provide specific training or instructions for sellers of reportable poisons acquired via online marketplaces. | Published guidance fails to provide specific training or instructions to sellers regarding the acquisition of reportable poisons via online marketplaces.
31,Inadequate self-harm prevention guidance,Home Office instructions prioritise malicious misuse over deliberate self-harm or suicide risks.,7,7,2025-05-23,2025-05-23,0.9993345737457275,Home Office guidance focuses on malicious misuse rather than deliberate misuse for suicide or self-harm. | Home Office guidance focuses on malicious misuse rather than deliberate misuse for self-harm. | Home Office guidance focuses on malicious misuse rather than the deliberate misuse of substances for suicide.
32,Instructions for lethal poisoning,Websites providing guidance on sourcing and administering poisonous substances or medications.,7,7,2025-05-23,2025-05-23,0.9601665735244751,Publicly accessible websites provide instructions on sourcing and administering lethal poisons and medications. | Publicly accessible websites provide instructions on sourcing poisons and preparing them for administration to cause death. | Online platforms provide accessible information on sourcing lethal poisons and preparing them for administration.
33,Delays in medical intervention,"Failures in timely clinical assessment, treatment, or emergency response.",7,7,2015-03-20,2023-12-15,0.9285119771957397,Delays in medical intervention contributed to the death. | Ambulance response delays contributed to the death. | The ambulance response delay contributed to the death.
34,Incomplete clinical documentation,There are significant gaps and omissions within patient medical records and clinical notes.,6,6,2013-10-14,2025-07-07,0.9325743913650513,There were significant gaps in clinical documentation and record keeping. | There were significant gaps in the medical records. | There were significant gaps in the clinical record keeping during the assessment process.
35,Misidentification of self-harm risk,Small purchases of reportable poisons are incorrectly categorised as legitimate hobbyist use instead of potential self-harm.,6,6,2025-05-23,2025-05-23,0.9830406904220581,Small quantity purchases of reportable poisons are incorrectly evaluated as legitimate hobbyist use rather than potential self-harm. | Small quantity purchases of reportable poisons are incorrectly presumed to be for legitimate uses rather than self-harm. | Small purchases of reportable poisons are incorrectly evaluated as legitimate hobbyist use rather than potential self-harm.
36,Clinical handover communication failures,Inadequate exchange of information and responsibilities during staff shift changes.,6,6,2013-12-13,2024-07-02,0.9392227530479431,Communication failures occurred during clinical handovers. | There were failures in patient handover and communication between clinical shifts. | Verbal communication during clinical handovers was poor.
37,Radiology staffing shortages,A lack of qualified radiologists and radiographers is causing delays in diagnostic imaging and reporting.,6,6,2016-11-11,2024-05-29,0.9532737731933594,A national shortage of radiologists is causing delays in reporting radiology. | A shortage of radiologists and trained radiographers causes delays in reporting X-rays. | A shortage of radiology staff contributed to delays in diagnostic investigations.
38,Failure to notify families of discharge,Hospital staff failed to inform relevant family members or stakeholders when a patient was discharged.,6,6,2013-09-24,2024-05-02,0.9360172748565674,The hospital failed to inform the family of the patient's discharge. | The patient's family were not notified of his discharge from hospital. | The hospital failed to notify the family of the patient's discharge despite previous contact during their hospitalisation.
39,Lack of family involvement in discharge,Patients and their families were not consulted or informed during the discharge process.,6,6,2013-01-30,2023-06-07,0.9310863018035889,The family was not engaged or consulted during the patient's discharge process. | Family members were not involved in the discharge process. | The decision to discharge the patient was made without notifying or consulting any family members.
40,Failure to perform CT scans,CT scans were not administered following patient falls and head injuries.,6,6,2013-12-16,2019-03-29,0.9540773630142212,A CT scan was not performed following a patient fall and head injury. | A head CT scan was not performed following a patient's initial fall. | A CT scan was not performed following a head injury sustained during an unwitnessed fall.
41,Inadequate mental health monitoring,Failures in assessing and communicating prisoner mental health information between healthcare and prison staff.,5,4,2021-02-10,2026-02-09,0.9551103115081787,Healthcare staff failed to conduct an adequate medical assessment of the prisoner. | Healthcare staff failed to provide sufficient information about the prisoner's mental health to prison staff. | Healthcare staff failed to assess the prisoner adequately during a suspected psychotic episode.
42,Incompatible healthcare IT systems,Disparate digital platforms prevent the efficient sharing of vital patient information between organisations.,5,5,2022-08-17,2025-07-08,0.9690921306610107,Incompatible IT systems between hospitals hinder effective communication and information sharing between clinicians. | Incompatible IT systems prevent the effective sharing of vital patient information between community and hospital clinicians. | Incompatible IT systems between institutions prevent the sharing of vital clinical information.
43,Failure to conduct internal investigations,The care provider failed to carry out formal reviews following serious incidents or allegations.,5,5,2015-10-15,2025-01-02,0.959758996963501,The nursing home failed to conduct an internal investigation into the circumstances of the death. | The care home failed to conduct an internal investigation into the death or identify systemic failures. | The nursing home failed to conduct an internal investigation into the care provided.
44,Inadequate clinical handover communication,Essential clinical information and required reviews are not being effectively relayed during staff handovers.,5,5,2014-06-09,2024-08-07,0.9369558095932007,Critical clinical information was not communicated during staff handovers. | Risk-pertinent information was not communicated during staff handovers. | There is a risk that significant clinical information is not relayed during staff handovers.
45,Inadequate hazard warning signage,There is insufficient notification to motorists and pedestrians regarding potential obstructions or crossing movements.,5,4,2016-07-01,2024-07-24,0.9551100134849548,There is insufficient warning for drivers regarding the prospect of pedestrians crossing the road. | There is a lack of warning to motorists regarding pedestrians or cyclists crossing the carriageway. | There is a lack of adequate warning for motorists regarding the presence of pedestrians on the roadside.
46,Delayed implementation of improvements,Failure to complete action plans and procedures within agreed timescales.,5,5,2018-05-17,2024-07-18,0.9410092830657959,The health board failed to act in a timely manner to implement identified improvements. | The Health Board has failed to implement the investigation action plan in a timely manner. | The Health Board failed to complete investigations in a timely manner.
47,Falsification of patient observation records,Staff intentionally recorded inaccurate information regarding patient monitoring and checks.,5,5,2016-09-05,2024-07-10,0.9545119404792786,Staff deliberately falsified patient observation records to indicate checks had been completed when they had not. | Staff falsified records regarding patient observations. | Staff falsified records to show observations had been completed.
48,Inadequate clinical monitoring and assessment,Failure to perform frequent observations or accurately assess patient condition and capacity.,5,5,2020-04-22,2023-06-29,0.9435460567474365,The patient was not monitored with sufficient frequency given his clinical condition. | The patient's medical condition was not reviewed with sufficient frequency. | The patient's underlying medical condition was not fully understood.
49,Fragmented electronic patient records,Inconsistent access to complete digital health information hinders safe clinical decision-making.,5,4,2014-02-19,2023-06-08,0.9368391036987305,Clinical staff lack access to important information held in different electronic patient records. | The lack of access to complete electronic records prevents staff from making fully informed clinical decisions. | Junior staff lack easy access to essential patient information on electronic records.
50,Delays in diagnostic result management,"Failures in the timely review, reporting, and actioning of diagnostic test results.",5,5,2014-02-05,2022-10-17,0.9264526963233948,Blood test results were not reviewed in a timely manner. | Delays occurred in responding to abnormal blood test results. | Blood test results were not appropriately reported or acted upon.
51,Non-compliance with neurological observations,Neurological observations were not performed or recorded according to established policies and guidance.,5,5,2015-01-29,2022-08-22,0.9395362138748169,Neurological observations were not conducted in accordance with Trust policy. | Neurological observations were not carried out in accordance with local and national guidance. | Neurological observations were not instituted as required.
52,Incorrect Call Triage and Grading,"Errors in the initial assessment, grading, or prioritisation of emergency calls.",5,5,2013-12-16,2022-06-08,0.9371800422668457,The initial triage of the emergency call was incorrect. | The emergency call was graded incorrectly. | The call handler used an incorrect triage algorithm during the emergency call.
53,Unclear clinical observation and documentation protocols,Staff lack precise guidance regarding patient observation procedures and the necessity of documenting clinical actions.,5,5,2015-02-02,2022-06-08,0.934450626373291,Staff lacked clarity regarding the requirements for conducting patient observations. | Staff lack clarity regarding the requirements and procedures for conducting patient observations. | Staff lacked clarity on whether they were required to physically enter patient rooms to conduct observations.
54,Fragmented electronic health records,Incompatible patient record systems prevent the seamless sharing of clinical information.,5,5,2015-10-07,2022-04-25,0.9226664304733276,"Disparate clinical record systems prevented healthcare providers from accessing crucial patient information. | Relevant medical information was contained in disparate record silos, hindering clinician access. | Patient data was not accessible between different electronic record systems."
55,Inadequate neurological observations,Failure to perform or continue required neurological monitoring following incidents or prior to discharge.,5,5,2014-08-06,2021-07-15,0.9470961093902588,Neurological observations were not conducted following the patient's fall. | Neurological observations were not performed following a fall and a facial injury. | Required neurological observations were not performed prior to the patient's discharge.
56,Mental health service underfunding,Insufficient funding for mental health services increases the risk of patient fatalities.,5,5,2018-10-03,2018-10-04,0.9547536373138428,Under-funding of mental health services poses a risk of future deaths. | Under-funding of mental health services increases the risk of future deaths. | Chronic underfunding of mental health services is creating a risk to life.
57,Inadequate ACCT training,Healthcare and agency staff lack sufficient knowledge of the ACCT process and obligations.,4,4,2017-06-07,2026-02-19,0.9624446630477905,Agency healthcare staff lacked adequate training regarding ACCT obligations. | Healthcare and mental healthcare staff lacked sufficient training on the ACCT process. | Agency healthcare staff lack sufficient training in the ACCT process.
58,Failure to use sepsis screening tool,The standardised sepsis screening tool was not utilised during patient assessments.,4,4,2019-11-18,2026-02-13,0.9687719941139221,The hospital trust's Sepsis Screening Tool was not used during the patient's assessment. | The sepsis screening tool was not used during the assessment in the A&E department. | The Sepsis Tool was not utilised during the assessment.
59,Inadequate training for behavioural disturbance,Staff lack the necessary training to recognise and identify acute behavioural disturbance.,4,4,2019-07-16,2026-02-09,0.9868502020835876,Prison and healthcare staff lacked training to recognise the signs of Acute Behavioural Disturbance. | Prison staff and healthcare staff lacked training in identifying Acute Behavioural Disturbance. | Probation hostel staff lacked awareness and training regarding acute behavioural disturbance.
60,Pressure sore prevention training,Staff lack necessary training and knowledge regarding the prevention and assessment of pressure sores.,4,3,2015-07-10,2025-11-26,0.9536781907081604,Care staff lacked training in the examination and care of pressure sores. | Clinical staff had not received adequate training on pressure sore formation and prevention. | Staff lacked sufficient knowledge regarding the prevention of pressure sores.
61,Inaccurate falls risk documentation,Records regarding falls risk assessments and management are incomplete or incorrect.,4,4,2017-07-18,2025-11-14,0.9529962539672852,Documentation relating to falls risk was inaccurate. | Falls risk assessment documentation was not completed correctly. | Falls risk assessment documentation was incomplete and not updated following falls.
62,Delayed admission risk assessments,Risk assessments were not completed within the required timeframe following patient admission.,4,4,2013-07-30,2025-08-28,0.9434762001037598,A risk assessment was not completed within 24 hours of the patient's admission. | A risk assessment was not conducted within 24 hours of admission to the nursing home. | The falls risk assessment was not completed within the expected 24 hours of admission.
63,Failure to recognise cardiac arrest,Staff failed to identify signs of respiratory distress or cardiac arrest.,4,4,2021-05-28,2025-08-26,0.9619086384773254,Staff failed to recognise the patient was in respiratory distress or cardiac arrest. | Staff failed to recognise the occurrence of a cardiac arrest. | Staff failed to recognise that the patient had stopped breathing.
64,Failure to implement action plans,The Trust failed to execute or monitor agreed improvements and identified actions.,4,4,2016-03-18,2025-06-23,0.9548382759094238,The Trust failed to implement or approve essential actions within its own identified action plan. | The Trust's governance procedure failed to ensure the completion of identified action plans. | The Trust failed to demonstrate effective implementation of the agreed action plan.
65,Emergency department overcrowding,Excessive patient volume in emergency departments is linked to increased mortality rates.,4,4,2020-02-27,2025-05-12,0.9610425233840942,Emergency department crowding leads to increased mortality risks for patients held in corridors or ambulances. | Emergency department overcrowding leads to increased mortality risks for patients held in corridors or ambulances. | Emergency department crowding is associated with increased mortality amongst admitted patients.
66,Mental health bed shortages,Insufficient inpatient capacity causes prolonged waiting times in emergency departments.,4,4,2021-05-21,2025-02-05,0.9798567295074463,A shortage of inpatient mental health beds leads to unacceptable waiting times in A&E. | A lack of inpatient beds leads to unacceptable waiting times in A&E for patients in mental health crisis. | A lack of inpatient beds causes unacceptable waiting times in A&E for patients requiring psychiatric care.
67,Inter-agency communication failures,"Ineffective information exchange between healthcare staff, dispatchers, and emergency services.",4,4,2014-05-08,2025-01-22,0.9442383646965027,"Communication between healthcare personnel, the prison control room, and ambulance control requires improvement. | Communication between the control room and ambulance personnel requires improvement. | Communication between the HEMS dispatcher and paramedics on scene requires improvement."
68,Interoperability of electronic health records,Incompatible IT systems prevent clinicians from accessing vital patient information across different organisations.,4,4,2019-12-24,2024-11-25,0.9529173374176025,Incompatibility between different NHS trust computer systems prevents access to patient notes. | Incompatible electronic systems across different NHS providers prevent access to essential patient records. | Incompatible IT systems prevented clinicians from accessing vital patient records across different trusts.
69,Failure to implement falls prevention plans,Established protocols and interventions designed to prevent falls were not followed or put into practice.,4,4,2016-11-07,2024-10-28,0.9423346519470215,A falls prevention plan was not implemented. | The established care plan to reduce the risk of falls was not followed. | A clear care plan was not implemented following the initial falls.
70,Failure to follow up,Mental health teams failed to maintain contact or respond to patient enquiries.,4,4,2018-09-18,2024-09-27,0.9525246024131775,The Mental Health Team failed to follow up on a referral after being unable to contact the patient. | Community mental health teams failed to follow up with the patient. | Mental health services failed to maintain contact with the patient.
71,Inadequate road signage and markings,Road signs and markings are poorly maintained or insufficient.,4,3,2014-10-09,2024-07-29,0.952271580696106,Road signage was insufficient. | There is a failure to exhibit appropriate road signage. | Road markings were inadequate.
72,Excessive psychotherapy waiting times,Patients are experiencing prolonged delays in accessing psychological assessments and treatments.,4,4,2014-11-11,2024-06-25,0.9562132954597473,The waiting list for psychotherapy assessment and treatment is excessively long. | Patients face excessively long waiting lists for psychological therapies. | Waiting times for access to psychological therapy are significantly long.
73,Failure to arrange follow-up appointments,Follow-up appointments were not organised prior to patient discharge.,4,4,2013-01-30,2024-06-10,0.9484370946884155,No follow-up appointments were arranged at the time of discharge. | No follow-up outpatient appointment with a psychiatrist was arranged following discharge. | No follow-up appointment was booked prior to the patient's discharge.
74,Mental health service delays,Significant waiting times for accessing mental health support services.,4,4,2019-02-26,2024-03-14,0.9472908973693848,There were excessive delays for students to access mental health support services. | Long waiting times for student mental health services exist. | Long waiting lists for mental health services prevent timely access to support.
75,Inadequate clinical record keeping,"Failures in the maintenance, accuracy, and retention of patient documentation and management records.",4,4,2016-09-02,2023-10-27,0.941938579082489,The Trust failed to maintain adequate clinical records regarding patient management decisions. | The Trust failed to maintain complete patient observation records. | The Trust failed to ensure nursing records accurately reflected the care provided to the patient.
76,Inadequate discharge and care planning,Failures in creating and implementing appropriate care and discharge arrangements.,4,4,2013-11-14,2022-09-12,0.9368512034416199,The deceased was discharged with an inadequate discharge plan. | The care plan for the deceased was unsatisfactory. | The deceased was medically unfit for discharge.
77,Inadequate cardiopulmonary resuscitation,Staff failed to perform or initiate effective resuscitation procedures during emergencies.,4,4,2014-07-30,2022-05-11,0.9564284682273865,Staff provided ineffective cardiopulmonary resuscitation during the emergency. | Staff resuscitation attempts were inadequate. | Staff lacked the necessary competence to perform CPR during a medical emergency.
78,Failure to review medical records,Clinical staff did not adequately check patient histories or triage documentation during assessments.,4,4,2015-04-29,2022-02-15,0.9454498291015625,Staff failed to thoroughly review available medical records during patient assessments. | Clinical staff failed to review triage records before conducting patient assessments. | CRT staff failed to effectively review medical records prior to assessment.
79,Falls prevention management failures,"Inconsistent application of risk assessments, control measures, and staff supervision regarding falls.",4,4,2014-09-03,2021-07-26,0.9504902958869934,Control measures for managing falls risks were not implemented consistently. | Preventable falls prevention measures were not implemented promptly. | Staff supervision and discussion regarding falls prevention were not implemented promptly.
80,Insufficient staffing for one-to-one care,Staffing levels were inadequate to facilitate the delivery of required one-to-one nursing supervision.,4,4,2013-07-30,2021-06-16,0.9442803859710693,Staffing levels were insufficient to provide the required one-to-one nursing care. | Staffing levels were insufficient to allow nurses to provide one-to-one care alongside mainstream duties. | Requested one-to-one nursing care was not provided due to insufficient staffing levels.
81,Inappropriate ward placement,Patients were assigned to wards that did not meet their clinical requirements.,4,4,2013-09-23,2020-05-04,0.9544740319252014,The patient was placed on an inappropriate ward. | The patient was placed on wards unsuitable for his clinical needs. | The patient was not treated in the appropriate ward or department.
82,Inadequate documentation submission,Failure to submit paper forms prevents the identification of inspection and oversight failures.,4,2,2019-09-25,2019-09-25,0.9738262295722961,The failure to submit paper forms prevented engineers from identifying and challenging inspection failures. | The failure to submit paper forms prevented internal auditors from identifying inspection and oversight failures.
83,Firearms licensing procedural errors,Failures in evidence consideration and application of the correct standard of proof during certificate reviews.,4,2,2019-07-15,2019-07-15,0.9605550765991211,The Firearms Licensing Department failed to consider all available evidence before deciding to return the shotgun certificate. | The Firearms Licensing Department failed to apply the correct standard of proof when deciding to return the shotgun certificate. | The Firearms Licensing Department failed to consider all available evidence before deciding to return the shotgun certificate and shotguns.
84,Insufficient street lighting,The road lacks adequate illumination during hours of darkness.,4,4,2014-03-24,2019-04-26,0.9726536273956299,The road lacks street lighting. | The road lacks illumination at night. | The road is unlit during hours of darkness.
85,Road signage and markings,"Improvements are required for junction signs, carriageway markings, and hazard warnings.",4,4,2014-02-03,2019-04-17,0.9557372331619263,Road signs and carriageway markings at the junction require review and improvement. | Signage at and before the junction requires improvement. | The signage at the junction requires improvement to indicate the presence of a side road.
86,Mental health service strain,Pressure on mental health services increases the risk of fatalities.,4,4,2018-10-04,2018-10-04,0.9798107147216797,Systemic strain on mental health services poses a risk of future deaths. | Systemic strain on mental health services increases the risk of future deaths. | Systemic strain within mental health services increases the risk of future fatalities.
87,Inadequate bend warning signage,The road lacks sufficient advance warning signs for approaching bends.,4,4,2016-04-19,2016-04-19,0.9965568780899048,The A470 lacks an advanced warning sign for the approaching left-hand bend. | The A470 lacks advanced warning signage for a challenging left-hand bend.
88,Mental health bed shortages,Insufficient availability of psychiatric beds creates a continuous risk to life.,3,3,2024-03-07,2026-03-12,0.9699167013168335,The lack of available mental health beds poses a risk of future deaths. | The lack of available mental health beds presents a continuing local and national risk of future deaths. | The shortage of mental health beds poses an ongoing risk to life.
89,Inadequate falls risk management,Failure to perform assessments or provide timely medical reviews following a fall.,3,3,2017-03-16,2026-02-26,0.9771053194999695,Nursing staff failed to complete appropriate falls risk assessments. | Nursing staff failed to instigate an adequate falls risk assessment. | Nursing staff failed to secure prompt medical assessment following a fall.
90,Contraband smuggling prevention failure,Staff failed to stop illegal substances from entering the prison.,3,3,2026-02-09,2026-02-09,1.0000001192092896,Prison staff failed to prevent the smuggling of cocaine into the prison.
91,Failure to report medical emergencies,Staff failed to declare an emergency despite visible symptoms of psychosis.,3,3,2026-02-09,2026-02-09,1.0000001192092896,The nurse on duty failed to declare a medical emergency despite signs of psychosis.
92,Inadequate access to premises,Medical response was delayed due to a lack of keys for locked gates.,3,3,2026-02-09,2026-02-09,0.999007523059845,A delay in medical response occurred because the nurse lacked a key to locked gates. | Delayed medical response occurred because the nurse lacked a key to access locked gates.
93,Incorrect CPR techniques,Healthcare staff failed to follow correct procedures during resuscitation.,3,3,2025-10-13,2026-02-09,0.9893897771835327,"Healthcare staff made basic errors when performing CPR, including incorrect airway management. | Healthcare staff utilised incorrect CPR techniques."
94,Ambulance handover delays,Patients are experiencing prolonged waiting times in ambulances before being admitted to the hospital.,3,3,2014-01-21,2026-02-07,0.9855135083198547,Patients are kept waiting in ambulances for long periods. | Patients are kept waiting for long periods in ambulances. | High demand on the emergency department causes patients to remain in ambulances for extended periods.
95,Pressure sore care non-compliance,Failure to adhere to established wound management and pressure ulcer prevention protocols.,3,3,2015-07-14,2026-01-15,0.9467989802360535,"The management plan for pressure sores was not adequately followed. | The care plan was not followed, leading to the deterioration of pressure sores. | The wound management and care plan was not followed consistently."
96,Duty of Candour Non-compliance,Failure to meet statutory obligations regarding transparency and openness following investigations.,3,3,2018-02-14,2025-12-15,0.954475462436676,The Trust failed to comply with the statutory duty of candour regarding the investigation findings. | The trust failed to conduct an internal investigation or fulfil its duty of candour. | The Trust failed to comply with statutory duties under Regulation 20 regarding the Duty of Candour.
97,Mental health referral failures,Inadequate communication and lack of guidance regarding mental health service referrals.,3,2,2020-03-12,2025-12-05,0.9540433287620544,Greater Manchester Police failed to notify the GP that a referral to mental health services had been made. | Greater Manchester Police could not confirm the outcome of a referral to mental health services. | Greater Manchester Police failed to signpost the caller to mental health services.
98,Failure to escalate clinical concerns,Clinical risks were not reported to medical professionals or relevant parties.,3,3,2019-04-11,2025-10-15,0.9657597541809082,The nurse failed to escalate clinical concerns to medical professionals or arrange a hospital referral. | The nurse failed to escalate clinical concerns to a doctor or notify next of kin. | The psychiatric liaison nurse failed to escalate clinical concerns to a doctor.
99,Failure to manage airway,Staff failed to utilise the recovery position to prevent airway obstruction.,3,3,2020-02-24,2025-08-26,0.9488447904586792,Staff failed to place the patient in the recovery position to prevent airway obstruction. | The nurse failed to place the patient in the recovery position or clear the airway. | Staff failed to place the individual in the recovery position during prone restraint.
100,Staggered junction design risks,The layout of staggered junctions poses a continuous safety threat to road users.,3,3,2016-03-31,2025-08-12,0.9448496103286743,The staggered junction design creates an ongoing risk to road users. | The design of staggered junctions in Lincolnshire presents a recurring safety risk. | The junction presents an ongoing risk to life for road users.
101,Delayed emergency response,Failure to promptly contact emergency services or initiate life-saving procedures.,3,3,2016-04-21,2025-07-21,0.9675472974777222,Emergency services were not called immediately upon the patient becoming unresponsive. | The 999 call was not made immediately upon discovering the patient was unresponsive. | Nursing staff did not immediately commence CPR upon finding the patient unresponsive.
102,Inadequate clinical handover documentation,Failures in recording and transferring patient information during transitions of care compromise safety.,3,3,2021-05-21,2025-06-17,0.953444242477417,Inadequate documentation of care and procedures posed a risk to patient safety during clinical handovers. | Failures in the handover of patient information at the point of transfer of care pose a risk to patient safety. | Reliance on inadequate paper-based discharge documents poses a risk to patient safety during transitions of care.
103,Failure to refer to psychiatric services,Patients were not referred to mental health specialists during their hospital admission.,3,2,2019-09-18,2025-06-05,0.9623900055885315,The deceased was not referred to the psychiatric liaison team during his hospital admission. | The deceased was not reviewed by mental health services prior to his discharge from hospital. | The deceased was not referred to a psychiatrist during his three-week hospital admission.
104,Failure to arrange follow-up care,Patients were discharged from services without necessary follow-up appointments or care plans being established.,3,3,2017-03-10,2025-06-03,0.9435895681381226,The deceased was discharged from inpatient care without follow-up appointments being arranged. | The deceased was discharged from the community mental health team without a follow-up plan. | A necessary follow-up appointment was not arranged following the deceased's discharge from hospital.
105,Delayed response to family concerns,Failure to address clinical or behavioural concerns raised by families in a timely manner.,3,3,2014-01-10,2025-05-23,0.950861930847168,Failure to respond to clinical concerns raised by the family in a timely manner. | The failure to adequately address family concerns regarding changes in the patient's behaviour. | Healthcare professionals failed to provide an adequate or immediate response to family concerns.
106,Inadequate onward care support,Insufficient social care and discharge support prevents patient flow and causes bed shortages.,3,3,2024-10-03,2025-05-12,0.9736990928649902,Insufficient bed availability on acute wards is caused by patients unable to be discharged due to lack of onward care. | A lack of hospital bed availability is caused by patients unable to be discharged due to inadequate onward care support. | A lack of onward care support causes bed shortages on acute wards and impedes patient flow.
107,Failure to review blood results,Clinical staff failed to assess blood test findings before patient discharge.,3,3,2013-11-27,2025-04-23,0.957044780254364,Blood test results were not reviewed prior to patient discharge. | Blood test results were not taken into account prior to hospital discharge. | Blood test results were not reviewed by a clinician.
108,Inadequate dosage guidance,There is a lack of clear instructions regarding safe medication amounts and potential risks.,3,3,2014-01-13,2025-04-23,0.960269570350647,There is an absence of appropriate warnings and guidance regarding dosage. | There is insufficient information regarding safe dosage and potential consequences. | There is a lack of guidance regarding appropriate medication dosage.
109,Inaccurate clinical handover information,Incorrect patient details were communicated to emergency services.,3,3,2014-01-14,2025-04-09,0.9493179321289062,Inaccurate information regarding the patient's level of consciousness was communicated to paramedics. | Inaccurate information regarding a seizure was communicated to the Ambulance Service. | Staff provided inaccurate information to paramedics regarding the patient's feeding status.
110,Poor inter-agency collaboration,A lack of integrated working and communication between different organisations and emergency services.,3,3,2015-03-18,2025-02-20,0.9438426494598389,There is a lack of joined-up care between different agencies. | There is a lack of effective collaboration between the involved agencies. | There is a lack of a joined-up approach between different emergency services.
111,Neurodiverse patient environment suitability,The A&E environment negatively impacts neurodiverse patients and worsens mental health conditions.,3,3,2024-12-16,2025-02-05,0.9842931032180786,The A&E environment is unsuitable for neurodiverse patients and can exacerbate mental health deterioration. | The A&E environment is unsuitable for holding neurodiverse patients and can exacerbate their mental health conditions. | The A&E environment is not conducive for neurodiverse patients and can exacerbate mental health deterioration.
112,Failure to explain protocol non-compliance,The Trust failed to provide justifications for deviations from established clinical procedures and documentation standards.,3,3,2021-12-06,2025-01-24,0.9529610872268677,The Trust failed to provide an explanation for why clinical protocols were not followed. | The Trust failed to provide a satisfactory explanation for the lack of adherence to the care plan. | The Trust failed to provide an explanation for documentation omissions.
113,Inadequate fluid balance monitoring,"Failure to properly assess, record, and track fluid levels for clinical decision-making.",3,2,2015-01-27,2025-01-23,0.9472150802612305,"Insufficient monitoring of fluid balances hinders clinical decision-making. | Fluid balances are not being monitored effectively. | Failure to adequately assess, monitor, and record post-operative fluid balance."
114,Young driver passenger restrictions,The licensing regime allows young drivers to carry multiple passengers in high-risk situations.,3,3,2024-10-17,2025-01-13,0.9876157641410828,The current vehicle licensing regime permits young drivers to carry multiple young passengers. | The current vehicle licensing regime permits young drivers to carry multiple passengers. | The vehicle licensing regime permits the carrying of multiple young passengers in high-risk circumstances.
115,Young driver passenger risk,Increased collision risk for young drivers when travelling with peers.,3,3,2024-10-17,2025-01-13,0.9784027338027954,Young drivers may be at increased risk of collisions when carrying similarly aged passengers. | Young drivers may be more susceptible to collisions when travelling with similarly aged passengers. | Young drivers are at a significantly higher risk of collision when carrying similarly aged passengers.
116,Delayed antibiotic administration,Failures in providing prescribed antibiotic therapy in a timely manner.,3,3,2018-03-20,2025-01-10,0.9617850184440613,There were delays in the administration of prescribed antibiotics. | Antibiotic therapy was significantly delayed. | Current regulations caused a delay in the patient receiving necessary antibiotics.
117,Failure to escalate health concerns,Staff failed to report changes in the service user's physical wellbeing and nutrition.,3,1,2024-11-04,2024-11-04,0.9595026969909668,Carers failed to escalate concerns regarding unwise decisions that impacted the service user's hygiene and health. | Carers failed to escalate concerns regarding the service user's poor nutritional intake. | Carers failed to escalate concerns regarding episodes of sickness.
118,Lack of clinical oversight,No single clinician or consultant was responsible for supervising the patient's care.,3,3,2018-03-06,2024-09-24,0.955096423625946,No consultant was in overall charge of the patient's care. | No single clinician was allocated to oversee the patient's medical care. | No specific staff member was tasked with monitoring the patient.
119,Inadequate family communication,"Failure to inform relatives about patient updates, concerns, or risk assessments.",3,3,2020-12-11,2024-08-22,0.9651796817779541,The family was not informed of the patient's written concerns. | The family was not kept informed about the patient's deteriorating condition. | The patient's risk assessment was not discussed with her family.
120,Inadequate one-to-one supervision,Failure to provide continuous monitoring for high-risk patients.,3,3,2016-11-07,2024-07-31,0.9523162245750427,The hospital failed to provide required 1:1 supervision for a high-risk patient. | The hospital failed to implement required one-to-one supervision for a patient at high risk of falling. | The patient did not receive consistent 1:1 supervision despite being at high risk.
121,Insufficient theatre capacity,A lack of available operating theatres is causing delays to surgical procedures.,3,3,2022-08-04,2024-07-25,0.9542776346206665,A shortage of theatre capacity caused delays to surgical intervention. | Insufficient theatre capacity resulted in delays to surgical intervention for hip fractures. | Insufficient theatre capacity prevented the timely performance of the required procedure.
122,Delayed referral processing,Referrals to various services were not actioned or progressed within the required timeframe.,3,3,2014-12-05,2024-06-27,0.9592548608779907,The referral for residential care was not made in a timely manner. | The referral was not appropriately addressed in a timely manner. | The referral to a crisis house was not progressed promptly.
123,Inadequate staffing levels,Staffing levels are insufficient to meet clinical demand during weekends and bank holidays.,3,3,2015-06-18,2024-06-19,0.9606393575668335,Staffing levels were insufficient during the bank holiday weekend. | Staffing levels during weekends and bank holidays are insufficient. | Staffing levels were insufficient to meet clinical demand during the Bank Holiday.
124,Ambulance handover delays,Delays in discharging patients from Accident and Emergency departments prevent the full utilisation of ambulance resources.,3,3,2022-04-22,2024-05-08,0.9835135340690613,Delays in ambulances clearing Accident and Emergency departments prevent full utilisation of North West Ambulance Service resources. | Delays in ambulances clearing Accident and Emergency departments prevent full resource utilisation within the North West Ambulance Service. | Ambulance resources cannot be fully utilised due to delays in clearing Accident and Emergency departments.
125,Failure to notify DVLA,Medical conditions and driving fitness were not reported to the relevant authorities.,3,2,2021-02-25,2024-03-07,0.9523458480834961,The deceased was not advised of the legal requirement to notify the DVLA of his medical conditions. | The DVLA was not notified of the deceased's medical condition by healthcare professionals. | The deceased was not advised of the impact of his medical conditions on his ability to drive safely.
126,Promotion of self-harm and suicide,"Online platforms providing instructions, methods, or encouragement for self-inflicted injury and suicide.",3,3,2023-10-25,2024-02-29,0.9640522003173828,"Online forums encourage, assist, and counsel suicide through the provision of information and methods. | Online forums provide easy access to information regarding methods and sources for suicide. | Online forums facilitate self-harm and suicide by providing information on methods and substances."
127,Post-discharge referral failures,Failure to arrange formal follow-up with mental health services or general practitioners after discharge.,3,3,2017-09-08,2023-08-31,0.9732303619384766,No formal referral or contact was made with mental health services or the general practitioner following discharge. | No formal referral or follow-up contact was made with community mental health services or the general practitioner following discharge. | No formal referral was made to mental health services.
128,Clinical prioritisation and triage failures,Errors in assessing and communicating patient urgency during triage and ambulance dispatch.,3,3,2018-02-27,2023-08-30,0.9381794929504395,The triage process failed to correctly identify the urgency of the patient's condition. | The triage process failed to communicate with the patient. | The ambulance service prioritisation process failed to ensure the clinical urgency of the patient was properly conveyed.
129,Inadequate discharge and care continuity,Failures in planning patient transitions and maintaining consistent care throughout hospital stays.,3,3,2015-06-24,2023-07-18,0.9275224208831787,A lack of continuity of care and inadequate discharge planning occurred. | A lack of continuity of care occurred during the patient's hospital stay. | Discharge planning was non-existent or inadequate.
130,Ongoing risk to life,There is a continuous danger of fatalities at the location.,3,3,2022-12-30,2023-07-03,0.954346776008606,There is an ongoing risk of further deaths at this location. | There is an ongoing risk of further fatalities at this location due to inadequate risk management. | There is a continuing risk to life at the property.
131,Inadequate ward staffing levels,The number of available staff members was insufficient to meet patient needs.,3,3,2015-03-02,2023-06-22,0.9600759744644165,The ward was critically understaffed during the incident. | The ward was understaffed during the patient's admission. | The ward was understaffed at the time of death.
132,Inadequate mental health care provision,"Failure to deliver essential clinical treatments, psychosocial interventions, and care coordination.",3,3,2021-03-25,2023-03-13,0.9434208869934082,The Trust failed to provide necessary mental health treatment to patients with complex conditions. | The Mental Health Trust failed to provide necessary psychosocial interventions. | The Trust failed to provide consistent care coordination for a patient with complex mental health needs.
133,Inadequate suicide and self-harm risk assessments,Healthcare staff failed to properly identify and manage the risk of self-harm and suicide during prisoner assessments.,3,2,2015-12-14,2023-01-27,0.9708101749420166,Healthcare staff failed to carry out full and adequate risk assessments of suicide and self-harm during prisoner assessments. | The prison healthcare team failed to properly assess and manage the risk of suicide and self-harm. | Staff failed to identify or properly assess the risk of suicide and self-harm in newly arrived prisoners.
134,Unauthorised pedestrian access,Pedestrians can access restricted areas of the bridge and its base.,3,2,2021-09-06,2022-12-08,0.9886658191680908,The bridge parapet and railing are accessible to pedestrians. | The area at the foot of the bridge is accessible to pedestrians.
135,Inaccurate nutrition and hydration records,Documentation of food and fluid intake lacks precision and clarity.,3,3,2015-07-14,2022-11-28,0.9651740789413452,"Records of food and fluid consumption lacked accuracy and consistency. | Records of food and fluid intake were difficult to interpret and inadequate. | Records regarding care, fluid intake, diet, and nutrition were not kept with sufficient accuracy."
136,Emergency Department bed shortages,Insufficient bed availability causing extended waiting times for patients.,3,3,2020-07-13,2022-11-04,0.968766987323761,Inadequate bed capacity led to prolonged waiting times in the Emergency Department. | A lack of bed capacity caused a prolonged stay in the Emergency Department. | Delays in bed availability caused prolonged stays in the Emergency Department.
137,Inadequate time for care plan review,Staff members were not allocated sufficient time to read and familiarise themselves with care plans.,3,3,2016-12-15,2022-09-26,0.974784255027771,Staff were not given dedicated time to read care plans. | Staff lacked sufficient time to read care plans. | Staff were not instructed to read care plans and were not allocated time to familiarise themselves with them.
138,Inadequate accommodation and support,The deceased was provided with unsuitable housing and insufficient care.,3,3,2015-08-07,2022-09-12,0.972466766834259,The deceased was placed in unsuitable accommodation with inappropriate support. | The deceased was placed in unsuitable emergency accommodation without adequate support. | The deceased was living in unsuitable accommodation.
139,Reluctance to conduct observations,Staff showed hesitation when entering patient rooms to perform necessary checks.,3,3,2017-04-25,2022-08-22,0.9877099990844727,Staff demonstrated a reluctance to enter patient rooms to conduct observations. | Staff were reluctant to enter patient rooms despite concerns for patient welfare.
140,Incomplete clinical documentation,"Clinical examinations, reviews, and observations were not recorded in patient files.",3,3,2016-12-16,2022-06-08,0.9651313424110413,Clinical examinations and attendances were not documented in the patient's medical records. | Clinical reviews were not documented in the patient's medical records. | Clinical observations were not recorded or documented in the resident's files.
141,Inadequate mental health risk assessment,Failure to evaluate or document a patient's mental health status and potential for self-harm.,3,2,2021-06-23,2022-05-18,0.9611239433288574,The GP failed to undertake a mental health assessment to determine the severity of the patient's difficulties. | The GP failed to conduct a meaningful mental health or risk assessment during the consultation. | The GP failed to assess or document the patient's risk of suicidal ideation or self-harm.
142,Inadequate junction controls and signage,"The junction lacks necessary traffic signals, stop signs, and warning signage.",3,3,2015-06-22,2022-05-13,0.9611498117446899,The junction lacks stop signs to control emerging traffic. | The junction lacks adequate traffic signal provision. | There is a lack of signage indicating the presence of the junction.
143,Seven-day short stay booklet guidance,"Lack of clear instructions regarding the completion, timing, and procedures for the short stay booklet.",3,1,2022-04-19,2022-04-19,0.9778132438659668,There is no clear guidance on the required manner for completing the seven-day short stay booklet. | There is no clear guidance regarding the timeframe for completing the seven-day short stay booklet. | There is no clear guidance on the procedure to follow if the seven-day short stay booklet remains incomplete.
144,Inadequate death investigations,Failure to conduct thorough enquiries or declare serious incidents following a patient's death.,3,2,2014-09-04,2022-04-19,0.9586539268493652,The hospital failed to investigate the wider circumstances leading to the patient's death. | The hospital failed to declare a serious incident following the patient's death. | The hospital failed to conduct a sufficient investigation or statutory inquiry into the death.
145,Fragmented IT systems,Incompatible information technology prevents effective data sharing between healthcare organisations.,3,3,2018-04-19,2022-03-28,0.9484395980834961,The lack of a single IT system across NHS trusts hindered effective information sharing. | The lack of a single IT system across the Trust hindered information sharing between professionals. | A lack of integrated information technology systems hindered the sharing of key data between acute hospitals.
146,Inadequate flood warning signage,A lack of visible signs alerting drivers to the risk of flooding.,3,3,2019-05-24,2022-02-16,0.9916085600852966,There is a lack of warning signage regarding the potential for flooding on this stretch of road. | There is a lack of signage warning motorists of the risk of temporary or permanent flooding.
147,Inaccurate NEWS calculations,Errors in the calculation and recording of National Early Warning Scores.,3,3,2016-08-18,2022-02-15,0.9750078916549683,National Early Warning Score calculations were incorrect. | National Early Warning Score assessments were inaccurate. | National Early Warning Scores were not being calculated or recorded accurately.
148,Failure to escalate clinical deterioration,Clinical care was not escalated when patient health declined.,3,3,2018-03-20,2021-11-03,0.9814519882202148,Opportunities to escalate clinical care were missed. | Opportunities to escalate patient care were missed. | There were numerous missed opportunities to escalate care during clinical deterioration.
149,Inadequate night shift supervision,Junior medical staff lacked sufficient oversight and staffing levels during night-time duties.,3,3,2015-03-11,2021-10-25,0.9667913913726807,"Junior doctors lacked sufficient supervision and support during night shifts. | Junior medical staff lacked sufficient support and oversight during night-time care. | There were insufficient junior doctors on duty to meet patient needs, particularly during night shifts."
150,Clinical Correspondence Management,Inadequate systems for processing and monitoring GP and hospital communications.,3,3,2017-04-20,2021-10-15,0.9502061009407043,"The GP system for recording, reviewing, and communicating clinical correspondence was inadequate. | The GP practice lacked an adequate system to monitor and action hospital correspondence. | The system for processing GP correspondence and medication review requests is inadequate."
151,Inadequate clinical communication,Insufficient or inaccurate information sharing between healthcare professionals impacting patient care.,3,3,2013-09-17,2021-08-26,0.9543240070343018,"Inadequate communication prevented healthcare professionals from making fully informed clinical decisions. | Incomplete, inaccurate, and insufficient communication of clinical information between healthcare professionals prevented proper investigation. | Inadequate communication between health professionals delayed the discharge decision."
152,Emergency Dispatch Errors,Failures in routing calls or directing crews to the correct locations.,3,3,2015-03-18,2021-08-08,0.9786808490753174,An ambulance was incorrectly dispatched to the wrong address. | The ambulance crew was dispatched to the incorrect address. | The emergency call was routed to the incorrect ambulance service.
153,Inadequate documentation of clinical decisions,Clinical deviations from guidance or specialist advice were not properly recorded in medical notes.,3,3,2017-03-20,2021-05-24,0.9458405375480652,Clinical decisions to deviate from specialist advice were not documented in the medical notes. | Clinical decisions not in accordance with Trust guidance were not clearly documented in medical notes. | A significant clinical decision to withhold medication was not recorded in the patient's medical notes.
154,Outdated overdose risk assessments,Risk assessments were not updated or communicated following recent overdose incidents.,3,3,2015-02-03,2021-05-19,0.9638369679450989,"The patient's risk assessment was not updated following a recent overdose. | The resident's risk assessment was not updated following the incident of suspected overdose. | Staff were not notified of the patient's recent overdose, leading to an inaccurate risk assessment."
155,Failure to notify GP,Inadequate communication of patient clinical updates and hospital interactions to the general practitioner.,3,3,2013-09-09,2021-02-03,0.9645123481750488,The hospital failed to notify the patient's general practitioner of the diagnosis upon discharge. | The hospital failed to notify the General Practitioner when the patient ceased attending appointments. | Practitioners failed to inform the GP of the patient's hospital admissions.
156,Failure to assess suicide risk,Staff failed to identify or communicate information regarding a patient's suicidal ideation.,3,3,2013-12-03,2020-12-17,0.9480233788490295,Staff failed to ask the patient about suicidal ideation. | Staff failed to ask the deceased if he was experiencing suicidal ideas or plans during clinical contact. | Information regarding the patient's suicidal ideation was not communicated to clinical staff.
157,Inadequate clinical observations,The quality of resident monitoring is insufficient to identify clinical needs.,3,3,2015-06-12,2020-12-01,0.9482769966125488,Clinical observations of the resident were of limited quality. | The quality of resident observations was insufficient to identify basic clinical needs. | The level and quality of observation of the resident was inadequate.
158,Unsafe junction design,The layout and positioning of the junction pose risks to all road users.,3,3,2015-09-28,2020-06-15,0.966231107711792,The junction design is unsafe for pedestrians. | The junction configuration and positioning are unsafe. | The junction is unsafe for vehicles.
159,Dangerous road bend,A sharp bend on the A34 Melrose Way poses a significant risk to life.,3,3,2019-11-01,2019-11-01,1.000000238418579,The A34 Melrose Way bend presents a danger to life.
160,Inadequate road markings,The absence of continuous white lines increases the risk of unsafe overtaking.,3,3,2019-11-01,2019-11-01,1.0,The Melrose Way bend lacks a continuous white line to prevent overtaking.
161,Inadequate personal care,The standard of personal hygiene and individual welfare support was insufficient.,3,3,2013-05-23,2019-09-11,0.965886116027832,The level of personal care provided was inadequate. | The standard of personal care provided to the resident was inadequate. | The care provided regarding general welfare and personal hygiene was insufficient.
162,Inadequate fire detection equipment,The property lacks functional smoke alarms and necessary assistive technology.,3,3,2014-01-17,2019-03-28,0.9783166646957397,The property lacked a functioning smoke alarm. | The property lacked functional smoke detectors. | Appropriate smoke alarms and assistive technology were not installed in the property.
163,Perimeter wall security,The external boundary wall is vulnerable to unauthorised access.,3,3,2014-06-26,2018-08-13,0.9908394813537598,The perimeter wall is easily accessible. | The external barrier wall is easily accessible.
164,Inadequate information sharing,Communication between healthcare professionals and carers was insufficient.,3,3,2013-08-07,2018-06-19,0.9569370746612549,"Communication between the District Nursing team, family members and carers was insufficient. | Communication and information sharing between the care home and the District Nursing Team was insufficient. | Communication between the district nursing team and the GP was limited."
165,Failure to refer to psychiatric services,Inadequate referral processes and incomplete information sharing regarding mental health care.,3,3,2014-03-18,2018-01-12,0.9483259320259094,The GP failed to refer the patient to psychiatric services for expert diagnosis and management. | The GP failed to refer the patient to psychiatric services following a suicide attempt. | The GP failed to provide the mental health service with the patient's full medical history.
166,Inadequate mental capacity assessments,Failure to properly evaluate or document a patient's mental capacity during admission or discharge.,3,3,2014-10-13,2017-09-08,0.9581853747367859,The hospital failed to recognise the patient's lack of mental capacity upon admission. | Medical staff failed to assess or document the patient's mental capacity. | The hospital failed to accurately assess the patient's mental state at the time of discharge.
167,Lack of serious incident investigation,Failure to conduct formal reviews or investigations following a preventable death.,3,3,2015-01-19,2017-08-25,0.9559563398361206,No formal Serious Incident Investigation was conducted following the death. | No serious incident review or safeguarding review was conducted following the death. | No serious incident report was conducted into the preventable death.
168,Child safety supervision and equipment,"Lack of mandatory requirements for adult supervision, competence verification, and protective equipment for child participants.",3,1,2017-05-25,2017-05-25,0.9640652537345886,There is no mandatory requirement for children to be supervised by adult riders during a hunt. | There is no mandatory requirement for child participants in a hunt to demonstrate an established level of competence. | There is no mandatory requirement for child participants in a hunt to wear personal protective equipment.
169,District Nursing service failures,"Issues relating to clinical standards, duty of care, and continuity of service.",3,3,2014-06-17,2017-04-26,0.9506404399871826,The District Nursing service failed to perform their duties correctly. | The District Nursing Team failed to provide continuity of care. | The District Nursing Service failed to follow NICE guidelines.
170,Nasogastric tube insertion and documentation,Inadequate clinical practice and record-keeping during nasogastric tube placement.,3,3,2013-10-14,2017-01-18,0.986733078956604,Staff did not follow good practice regarding nasogastric tube insertion. | Staff note-keeping practices regarding nasogastric tube placement were inadequate.
171,Emergency stopping procedures,The rule book lacks provisions for stopping trains to protect persons at risk.,3,3,2015-06-09,2016-09-13,0.9983574151992798,The RSSB Rule Book does not allow trains to be stopped when a person may be in danger from a train. | The RSSB Rule Book does not permit trains to be stopped when a person on the line is in danger.
172,Non-compliance with NICE guidance,Clinical practices and local guidelines deviate from national clinical standards.,3,1,2016-03-06,2016-03-06,0.9733009338378906,Consultant opinions on best practice for treating prolonged rupture of membranes deviate from NICE guidance. | Trust guidelines for treating prolonged rupture of membranes differ from NICE guidance. | Clinical practice regarding the use of antibiotics after prolonged rupture of membranes is inconsistent with NICE recommendations.
173,Unauthorised low visibility take-offs,Regulations fail to prohibit non-commercial flights from unlicensed aerodromes during poor visibility.,3,3,2016-02-02,2016-02-02,1.0,Regulations do not prevent take-offs in low visibility for non-commercial ventures from unlicensed aerodromes.
174,Unregulated corporate aviation,The CAA has failed to establish a specific regulatory category for corporate aviation.,3,3,2016-02-02,2016-02-02,0.9999999403953552,A special category for corporate aviation has not been established by the CAA.
175,Lack of formal regulation,Non-commercial operations are currently managed through guidance rather than enforceable regulations.,3,3,2016-02-02,2016-02-02,0.9873076677322388,Guidance for non-commercial operations lacks the force of regulation. | Guidance has been provided for non-commercial operations instead of formal regulation.
176,Unlicensed aerodrome safety regulation gaps,Safety regulations for non-commercial ventures at unlicensed aerodromes are insufficient compared to commercial standards.,3,3,2016-02-02,2016-02-02,1.0,Non-commercial ventures from unlicensed aerodromes are not covered by equivalent safety regulations to commercial operations.
177,Emergency communication and ambulance delays,Delays in summoning emergency services due to incorrect or missing communication protocols.,3,3,2013-12-06,2015-10-28,0.9537874460220337,"There were delays in calling for an emergency ambulance and using emergency communication codes. | A delay in calling an emergency ambulance occurred due to the lack of an emergency code protocol. | Incorrect code words were used, causing a delay in summoning an ambulance."
178,Delayed tissue viability referrals,Delays in referring patients to tissue viability nurses.,3,3,2013-08-20,2015-07-14,0.980302095413208,Referral to Tissue Viability Nurses was delayed. | There were delays in referrals to tissue viability nurses. | Response times for Tissue Viability Nurse input were delayed.
179,Unrestricted helium canister access,Helium gas canisters are available to the public without purchase limits or sales controls.,3,3,2013-11-20,2015-03-20,0.9851329326629639,Helium gas canisters are readily available to the general public without restrictions on sale or location. | Helium canisters are readily available to the general public without restrictions on sale or location. | Helium gas canisters are freely available without controls on the quantity an individual can purchase.
180,Large helium canister volumes,Helium canisters are available in high-capacity sizes.,3,3,2013-11-20,2015-03-20,0.9897961616516113,Helium canisters are sold in standard sizes containing a large volume of gas. | Helium canisters are available in large volumes.
181,Uncontrolled gas release,Helium canisters lack valves to restrict the volume of gas released.,3,3,2013-11-20,2015-03-20,1.0,Helium canisters lack modified control valves to restrict the volume of gas released.
